Timestamp,RSSI_A,RSSI_B,Prediction,Confidence
2026-06-01 11:21:42,-72,-62,Corridor,100.0
2026-06-01 11:21:47,-73,-56,Room102,100.0
2026-06-01 11:21:51,-75,-52,Room102,100.0
2026-06-01 11:21:55,-76,-49,Room102,100.0
2026-06-01 11:21:59,-78,-47,Room102,100.0
2026-06-01 11:22:04,-78,-45,Room102,100.0
2026-06-01 11:22:08,-79,-43,Room102,100.0
2026-06-01 11:22:12,-79,-42,Room102,100.0
2026-06-01 11:22:17,-80,-41,Room102,100.0
2026-06-01 11:22:21,-80,-41,Room102,100.0
2026-06-01 11:22:25,-81,-40,Room102,100.0
2026-06-01 11:22:30,-81,-40,Room102,100.0
2026-06-01 11:22:34,-81,-41,Room102,100.0
2026-06-01 11:22:38,-82,-41,Room102,100.0
2026-06-01 11:22:43,-82,-41,Room102,100.0
2026-06-01 11:22:47,-83,-40,Room102,100.0
2026-06-01 11:22:51,-82,-40,Room102,100.0
2026-06-01 11:22:56,-82,-40,Room102,100.0
2026-06-01 11:23:00,-83,-40,Room102,100.0
2026-06-01 11:23:04,-84,-40,Room102,100.0
2026-06-01 11:23:08,-85,-40,Room102,100.0
2026-06-01 11:23:13,-85,-40,Room102,100.0
2026-06-01 11:23:17,-84,-40,Room102,100.0
2026-06-01 11:23:21,-83,-40,Room102,100.0
2026-06-01 11:23:26,-83,-39,Room102,100.0
2026-06-01 11:23:30,-83,-38,Room102,100.0
2026-06-01 11:23:34,-83,-38,Room102,100.0
2026-06-01 11:23:39,-84,-38,Room102,100.0
2026-06-01 11:23:43,-84,-38,Room102,100.0
2026-06-01 11:23:47,-82,-38,Room102,100.0
2026-06-01 11:23:52,-82,-38,Room102,100.0
2026-06-01 11:23:56,-80,-37,Room102,100.0
2026-06-01 11:24:00,-81,-37,Room102,100.0
2026-06-01 11:24:05,-82,-37,Room102,100.0
2026-06-01 11:24:09,-83,-37,Room102,100.0
2026-06-01 11:24:13,-82,-37,Room102,100.0
2026-06-01 11:24:18,-83,-37,Room102,100.0
2026-06-01 11:24:22,-83,-37,Room102,100.0
2026-06-01 11:24:26,-83,-37,Room102,100.0
2026-06-01 11:24:31,-84,-37,Room102,100.0
2026-06-01 11:24:35,-84,-38,Room102,100.0
2026-06-01 11:24:39,-83,-38,Room102,100.0
2026-06-01 11:24:44,-84,-37,Room102,100.0
2026-06-01 11:24:48,-84,-37,Room102,100.0
2026-06-01 11:24:52,-84,-37,Room102,100.0
2026-06-01 11:24:56,-84,-37,Room102,100.0
2026-06-01 11:25:01,-83,-37,Room102,100.0
2026-06-01 11:25:05,-82,-37,Room102,100.0
2026-06-01 11:25:09,-82,-36,Room102,100.0
2026-06-01 11:25:14,-83,-36,Room102,100.0
2026-06-01 11:25:18,-83,-36,Room102,100.0
2026-06-01 11:25:22,-83,-36,Room102,100.0
2026-06-01 11:25:27,-83,-36,Room102,100.0
2026-06-01 11:25:31,-83,-37,Room102,100.0
2026-06-01 11:25:35,-83,-37,Room102,100.0
2026-06-01 11:25:40,-83,-37,Room102,100.0
2026-06-01 11:25:44,-82,-38,Room102,100.0
2026-06-01 11:25:48,-82,-37,Room102,100.0
2026-06-01 11:25:53,-82,-37,Room102,100.0
2026-06-01 11:25:57,-83,-37,Room102,100.0
2026-06-01 11:26:01,-83,-37,Room102,100.0
2026-06-01 11:26:06,-83,-37,Room102,100.0
2026-06-01 11:26:10,-82,-36,Room102,100.0
2026-06-01 11:26:14,-81,-36,Room102,100.0
2026-06-01 11:26:19,-81,-36,Room102,100.0
2026-06-01 11:26:23,-79,-35,Room102,100.0
2026-06-01 11:26:27,-78,-35,Room102,100.0
2026-06-01 11:26:31,-78,-34,Room102,100.0
2026-06-01 11:26:36,-78,-34,Room102,100.0
2026-06-01 11:26:40,-78,-34,Room102,100.0
2026-06-01 11:26:44,-78,-33,Room102,100.0
2026-06-01 11:26:49,-78,-33,Room102,100.0
2026-06-01 11:26:53,-77,-33,Room102,100.0
2026-06-01 11:26:57,-78,-33,Room102,100.0
2026-06-01 11:27:02,-79,-33,Room102,100.0
2026-06-01 11:27:06,-79,-33,Room102,100.0
2026-06-01 11:27:10,-79,-33,Room102,100.0
2026-06-01 11:27:15,-79,-33,Room102,100.0
2026-06-01 11:27:19,-79,-33,Room102,100.0
2026-06-01 11:27:23,-80,-33,Room102,100.0
2026-06-01 11:27:28,-79,-33,Room102,100.0
2026-06-01 11:27:32,-79,-33,Room102,100.0
2026-06-01 11:27:36,-79,-33,Room102,100.0
2026-06-01 11:27:41,-79,-33,Room102,100.0
2026-06-01 11:27:45,-78,-33,Room102,100.0
2026-06-01 11:27:49,-78,-33,Room102,100.0
2026-06-01 11:27:53,-78,-33,Room102,100.0
2026-06-01 11:27:58,-78,-33,Room102,100.0
2026-06-01 11:28:02,-80,-33,Room102,100.0
2026-06-01 11:28:06,-80,-33,Room102,100.0
2026-06-01 11:28:11,-81,-33,Room102,100.0
2026-06-01 11:28:15,-82,-33,Room102,100.0
2026-06-01 11:28:19,-82,-33,Room102,100.0
2026-06-01 11:28:24,-82,-33,Room102,100.0
2026-06-01 11:28:28,-82,-32,Room102,100.0
2026-06-01 11:28:32,-81,-32,Room102,100.0
2026-06-01 11:28:37,-80,-32,Room102,100.0
2026-06-01 11:28:41,-80,-32,Room102,100.0
2026-06-01 11:28:45,-80,-32,Room102,100.0
2026-06-01 11:28:50,-80,-33,Room102,100.0
2026-06-01 11:28:54,-81,-33,Room102,100.0
2026-06-01 11:28:58,-81,-32,Room102,100.0
2026-06-01 11:29:03,-82,-32,Room102,100.0
2026-06-01 11:29:07,-83,-32,Room102,100.0
2026-06-01 11:29:11,-83,-32,Room102,100.0
2026-06-01 11:29:15,-82,-32,Room102,100.0
2026-06-01 11:29:20,-81,-32,Room102,100.0
2026-06-01 11:29:24,-82,-33,Room102,100.0
2026-06-01 11:29:28,-82,-33,Room102,100.0
2026-06-01 11:29:33,-82,-33,Room102,100.0
2026-06-01 11:29:37,-82,-33,Room102,100.0
2026-06-01 11:29:41,-82,-33,Room102,100.0
2026-06-01 11:29:46,-82,-33,Room102,100.0
2026-06-01 11:29:50,-82,-33,Room102,100.0
2026-06-01 11:29:54,-83,-33,Room102,100.0
2026-06-01 11:29:59,-82,-34,Room102,100.0
2026-06-01 11:30:03,-80,-35,Room102,100.0
2026-06-01 11:30:07,-79,-36,Room102,100.0
2026-06-01 11:30:33,-80,-39,Room102,100.0
2026-06-01 11:30:38,-81,-39,Room102,100.0
2026-06-01 11:30:42,-82,-40,Room102,100.0
2026-06-01 11:30:46,-84,-40,Room102,100.0
2026-06-01 11:30:50,-83,-40,Room102,100.0
2026-06-01 11:30:55,-82,-40,Room102,100.0
2026-06-01 11:30:59,-82,-40,Room102,100.0
2026-06-01 11:31:03,-83,-41,Room102,100.0
2026-06-01 11:31:08,-83,-40,Room102,100.0
2026-06-01 11:31:12,-82,-40,Room102,100.0
2026-06-01 11:31:16,-82,-41,Room102,100.0
2026-06-01 11:31:21,-81,-41,Room102,100.0
2026-06-01 11:31:25,-81,-40,Room102,100.0
2026-06-01 11:31:29,-80,-40,Room102,100.0
2026-06-01 11:31:34,-80,-40,Room102,100.0
2026-06-01 11:31:38,-81,-48,Room102,100.0
2026-06-01 11:31:42,-82,-53,Room102,100.0
2026-06-01 11:31:47,-81,-57,Room102,100.0
2026-06-01 11:31:51,-82,-61,Room102,100.0
2026-06-01 11:31:55,-81,-62,Room102,100.0
2026-06-01 11:32:00,-80,-62,Room102,100.0
2026-06-01 11:32:04,-80,-63,Room102,100.0
2026-06-01 11:32:08,-80,-63,Room102,100.0
2026-06-01 11:32:12,-80,-64,Room102,100.0
2026-06-01 11:32:17,-80,-64,Room102,100.0
2026-06-01 11:32:21,-80,-64,Room102,100.0
2026-06-01 11:32:25,-80,-65,Room102,100.0
2026-06-01 11:32:30,-80,-64,Room102,100.0
2026-06-01 11:32:34,-80,-64,Room102,100.0
2026-06-01 11:32:38,-80,-64,Room102,100.0
2026-06-01 11:32:43,-80,-64,Room102,100.0
2026-06-01 11:32:47,-80,-64,Room102,100.0
2026-06-01 11:32:51,-81,-65,Room102,100.0
2026-06-01 11:32:56,-82,-65,Room102,100.0
2026-06-01 11:33:00,-81,-65,Room102,100.0
2026-06-01 11:33:04,-81,-65,Room102,100.0
2026-06-01 11:33:09,-82,-64,Room102,100.0
2026-06-01 11:33:13,-83,-64,Room102,100.0
2026-06-01 11:33:17,-82,-65,Room102,100.0
2026-06-01 11:33:22,-83,-63,Room102,100.0
2026-06-01 11:33:26,-84,-63,Room102,100.0
2026-06-01 11:33:30,-84,-63,Room102,100.0
2026-06-01 11:33:35,-84,-63,Room102,100.0
2026-06-01 11:33:39,-85,-63,Room102,100.0
2026-06-01 11:33:43,-86,-62,Room102,100.0
2026-06-01 11:33:47,-86,-62,Room102,100.0
2026-06-01 11:33:52,-86,-62,Room102,100.0
2026-06-01 11:33:56,-85,-63,Room102,100.0
2026-06-01 11:34:00,-85,-62,Room102,100.0
2026-06-01 11:34:05,-85,-63,Room102,100.0
2026-06-01 11:34:09,-86,-63,Room102,100.0
2026-06-01 11:34:13,-87,-63,Room102,100.0
2026-06-01 11:34:18,-87,-63,Room102,100.0
2026-06-01 11:34:22,-88,-63,Room102,100.0
2026-06-01 11:34:26,-86,-62,Room102,100.0
2026-06-01 11:34:40,-73,-69,Corridor,100.0
2026-06-01 11:34:45,-75,-69,Corridor,100.0
2026-06-01 11:34:49,-76,-68,Corridor,100.0
2026-06-01 11:34:53,-78,-69,Corridor,100.0
2026-06-01 11:34:58,-78,-69,Corridor,100.0
2026-06-01 11:35:02,-80,-67,Room102,66.7
2026-06-01 11:35:06,-82,-66,Room102,100.0
2026-06-01 11:35:11,-83,-66,Room102,100.0
2026-06-01 11:35:15,-84,-66,Room102,100.0
2026-06-01 11:35:19,-84,-65,Room102,100.0
2026-06-01 11:35:24,-84,-66,Room102,100.0
2026-06-01 11:35:28,-83,-65,Room102,100.0
2026-06-01 11:35:32,-82,-64,Room102,100.0
2026-06-01 11:35:36,-83,-66,Room102,100.0
2026-06-01 11:35:41,-84,-65,Room102,100.0
2026-06-01 11:35:45,-84,-65,Room102,100.0
2026-06-01 11:35:49,-84,-65,Room102,100.0
2026-06-01 11:35:54,-85,-65,Room102,100.0
2026-06-01 11:35:58,-84,-65,Room102,100.0
2026-06-01 11:36:02,-84,-66,Room102,100.0
2026-06-01 11:36:07,-84,-67,Room102,100.0
2026-06-01 11:36:11,-83,-67,Room102,100.0
2026-06-01 11:36:15,-84,-68,Room102,100.0
2026-06-01 11:36:20,-83,-68,Room102,100.0
2026-06-01 11:36:24,-83,-68,Room102,100.0
2026-06-01 11:36:28,-83,-67,Room102,100.0
2026-06-01 11:36:33,-84,-66,Room102,100.0
2026-06-01 11:36:37,-84,-65,Room102,100.0
2026-06-01 11:36:41,-85,-66,Room102,100.0
2026-06-01 11:36:46,-86,-66,Room102,100.0
2026-06-01 11:36:50,-86,-68,Room102,100.0
2026-06-01 11:36:54,-86,-69,Room102,100.0
2026-06-01 11:36:59,-87,-67,Room102,100.0
2026-06-01 11:37:03,-88,-67,Room102,100.0
2026-06-01 11:37:07,-88,-67,Room102,100.0
2026-06-01 11:37:12,-88,-67,Room102,100.0
2026-06-01 11:37:16,-88,-69,Room102,100.0
2026-06-01 11:37:20,-88,-69,Room102,100.0
2026-06-01 11:37:24,-87,-69,Room102,100.0
2026-06-01 11:37:29,-86,-69,Room102,100.0
2026-06-01 11:37:33,-86,-69,Room102,100.0
2026-06-01 11:37:37,-86,-69,Room102,100.0
2026-06-01 11:37:42,-86,-69,Room102,100.0
2026-06-01 11:37:46,-86,-69,Room102,100.0
2026-06-01 11:37:50,-86,-69,Room102,100.0
2026-06-01 11:37:55,-86,-69,Room102,100.0
2026-06-01 11:37:59,-85,-68,Room102,100.0
2026-06-01 11:38:03,-86,-69,Room102,100.0
2026-06-01 11:38:08,-86,-69,Room102,100.0
2026-06-01 11:38:12,-86,-68,Room102,100.0
2026-06-01 11:38:16,-87,-69,Room102,100.0
2026-06-01 11:38:21,-86,-71,Room102,100.0
2026-06-01 11:38:25,-86,-69,Room102,100.0
2026-06-01 11:38:29,-85,-68,Room102,100.0
2026-06-01 11:38:34,-86,-69,Room102,100.0
2026-06-01 11:38:38,-87,-70,Room102,100.0
2026-06-01 11:38:42,-86,-70,Room102,100.0
2026-06-01 11:38:47,-86,-69,Room102,100.0
2026-06-01 11:38:51,-85,-71,Room102,100.0
2026-06-01 11:38:55,-85,-70,Room102,100.0
2026-06-01 11:38:59,-85,-72,Room102,66.7
2026-06-01 11:39:04,-85,-73,Room102,66.7
2026-06-01 11:39:08,-85,-75,Corridor,66.7
2026-06-01 11:39:12,-85,-75,Corridor,66.7
2026-06-01 11:39:17,-85,-76,Corridor,66.7
2026-06-01 11:39:21,-86,-74,Room102,66.7
2026-06-01 11:39:25,-87,-72,Room102,100.0
2026-06-01 11:39:30,-88,-70,Room102,100.0
2026-06-01 11:39:34,-89,-68,Room102,100.0
2026-06-01 11:39:38,-89,-67,Room102,100.0
2026-06-01 11:39:43,-88,-67,Room102,100.0
2026-06-01 11:39:47,-87,-66,Room102,100.0
2026-06-01 11:39:51,-87,-66,Room102,100.0
2026-06-01 11:39:56,-86,-65,Room102,100.0
2026-06-01 11:40:00,-86,-65,Room102,100.0
2026-06-01 11:40:04,-86,-64,Room102,100.0
2026-06-01 11:40:09,-86,-64,Room102,100.0
2026-06-01 11:40:13,-86,-64,Room102,100.0
2026-06-01 11:40:17,-86,-64,Room102,100.0
2026-06-01 11:40:21,-86,-64,Room102,100.0
2026-06-01 11:40:26,-86,-64,Room102,100.0
2026-06-01 11:40:30,-86,-64,Room102,100.0
2026-06-01 11:40:34,-86,-64,Room102,100.0
2026-06-01 11:40:39,-86,-65,Room102,100.0
2026-06-01 11:40:43,-86,-67,Room102,100.0
2026-06-01 11:40:47,-87,-68,Room102,100.0
2026-06-01 11:40:52,-87,-69,Room102,100.0
2026-06-01 11:40:56,-87,-69,Room102,100.0
2026-06-01 11:41:00,-87,-69,Room102,100.0
2026-06-01 11:41:05,-87,-69,Room102,100.0
2026-06-01 11:41:09,-87,-69,Room102,100.0
2026-06-01 11:41:13,-88,-70,Room102,100.0
2026-06-01 11:41:18,-88,-70,Room102,100.0
2026-06-01 11:41:22,-87,-70,Room102,100.0
2026-06-01 11:41:26,-88,-70,Room102,100.0
2026-06-01 11:41:31,-88,-69,Room102,100.0
2026-06-01 11:41:35,-87,-67,Room102,100.0
2026-06-01 11:41:39,-86,-67,Room102,100.0
2026-06-01 11:41:44,-86,-65,Room102,100.0
2026-06-01 11:41:48,-86,-65,Room102,100.0
2026-06-01 11:41:52,-86,-64,Room102,100.0
2026-06-01 11:41:56,-85,-64,Room102,100.0
2026-06-01 11:42:01,-86,-66,Room102,100.0
2026-06-01 11:42:05,-87,-68,Room102,100.0
2026-06-01 11:42:09,-87,-69,Room102,100.0
2026-06-01 11:42:14,-87,-70,Room102,100.0
2026-06-01 11:42:18,-86,-71,Room102,100.0
2026-06-01 11:42:22,-87,-71,Room102,100.0
2026-06-01 11:42:27,-87,-70,Room102,100.0
2026-06-01 11:42:31,-87,-70,Room102,100.0
2026-06-01 11:42:35,-87,-70,Room102,100.0
2026-06-01 11:42:40,-87,-70,Room102,100.0
2026-06-01 11:42:44,-87,-69,Room102,100.0
2026-06-01 11:42:48,-87,-68,Room102,100.0
2026-06-01 11:42:53,-87,-67,Room102,100.0
2026-06-01 11:42:57,-86,-67,Room102,100.0
2026-06-01 11:43:01,-86,-67,Room102,100.0
2026-06-01 11:43:05,-86,-66,Room102,100.0
2026-06-01 11:43:10,-86,-66,Room102,100.0
2026-06-01 11:43:36,-85,-65,Room102,100.0
2026-06-01 11:43:40,-86,-65,Room102,100.0
2026-06-01 11:43:44,-85,-65,Room102,100.0
2026-06-01 11:43:49,-86,-64,Room102,100.0
2026-06-01 11:43:53,-87,-63,Room102,100.0
2026-06-01 11:43:57,-87,-62,Room102,100.0
2026-06-01 11:44:02,-88,-63,Room102,100.0
2026-06-01 11:44:06,-89,-63,Room102,100.0
2026-06-01 11:44:10,-87,-63,Room102,100.0
2026-06-01 11:44:15,-86,-63,Room102,100.0
2026-06-01 11:44:19,-87,-63,Room102,100.0
2026-06-01 11:44:23,-88,-63,Room102,100.0
2026-06-01 11:44:28,-89,-63,Room102,100.0
2026-06-01 11:44:32,-89,-63,Room102,100.0
2026-06-01 11:44:36,-89,-63,Room102,100.0
2026-06-01 11:44:41,-89,-62,Room102,100.0
2026-06-01 11:44:45,-89,-62,Room102,100.0
2026-06-01 11:44:49,-88,-62,Room102,100.0
2026-06-01 11:44:53,-88,-62,Room102,100.0
2026-06-01 11:44:58,-89,-62,Room102,100.0
2026-06-01 11:45:02,-89,-62,Room102,100.0
2026-06-01 11:45:06,-88,-62,Room102,100.0
2026-06-01 11:45:11,-88,-63,Room102,100.0
2026-06-01 11:45:15,-89,-63,Room102,100.0
2026-06-01 11:45:19,-89,-63,Room102,100.0
2026-06-01 11:45:24,-88,-63,Room102,100.0
2026-06-01 11:45:28,-88,-62,Room102,100.0
2026-06-01 11:45:32,-89,-62,Room102,100.0
2026-06-01 11:45:37,-89,-63,Room102,100.0
2026-06-01 11:45:41,-89,-63,Room102,100.0
2026-06-01 11:45:45,-90,-63,Room102,100.0
2026-06-01 11:45:50,-88,-63,Room102,100.0
2026-06-01 11:45:54,-88,-63,Room102,100.0
2026-06-01 11:45:58,-89,-64,Room102,100.0
2026-06-01 11:46:02,-89,-64,Room102,100.0
2026-06-01 11:46:07,-89,-64,Room102,100.0
2026-06-01 11:46:11,-89,-64,Room102,100.0
2026-06-01 11:46:16,-89,-65,Room102,100.0
2026-06-01 11:46:20,-90,-65,Room102,100.0
2026-06-01 11:46:24,-90,-65,Room102,100.0
2026-06-01 11:46:28,-90,-65,Room102,100.0
2026-06-01 11:46:33,-89,-64,Room102,100.0
2026-06-01 11:46:37,-89,-64,Room102,100.0
2026-06-01 11:46:41,-88,-64,Room102,100.0
2026-06-01 11:46:46,-88,-65,Room102,100.0
2026-06-01 11:46:50,-87,-65,Room102,100.0
2026-06-01 11:46:54,-87,-66,Room102,100.0
2026-06-01 11:46:59,-87,-66,Room102,100.0
2026-06-01 11:47:03,-87,-66,Room102,100.0
2026-06-01 11:47:07,-87,-66,Room102,100.0
2026-06-01 11:47:12,-87,-65,Room102,100.0
2026-06-01 11:47:16,-87,-65,Room102,100.0
2026-06-01 11:47:20,-87,-65,Room102,100.0
2026-06-01 11:47:25,-87,-65,Room102,100.0
2026-06-01 11:47:29,-86,-65,Room102,100.0
2026-06-01 11:47:33,-85,-65,Room102,100.0
2026-06-01 11:47:38,-85,-65,Room102,100.0
2026-06-01 11:47:42,-84,-65,Room102,100.0
2026-06-01 11:47:46,-84,-65,Room102,100.0
2026-06-01 11:47:50,-84,-65,Room102,100.0
2026-06-01 11:47:55,-85,-65,Room102,100.0
2026-06-01 11:47:59,-86,-65,Room102,100.0
2026-06-01 11:48:03,-86,-64,Room102,100.0
2026-06-01 11:48:08,-86,-64,Room102,100.0
2026-06-01 11:48:12,-86,-64,Room102,100.0
2026-06-01 11:48:16,-86,-64,Room102,100.0
2026-06-01 11:48:21,-86,-64,Room102,100.0
2026-06-01 11:48:25,-86,-64,Room102,100.0
2026-06-01 11:48:29,-86,-64,Room102,100.0
2026-06-01 11:48:34,-87,-64,Room102,100.0
2026-06-01 11:48:38,-88,-64,Room102,100.0
2026-06-01 11:48:42,-89,-64,Room102,100.0
2026-06-01 11:48:47,-88,-64,Room102,100.0
2026-06-01 11:48:51,-87,-65,Room102,100.0
2026-06-01 11:48:55,-87,-64,Room102,100.0
2026-06-01 11:49:00,-86,-64,Room102,100.0
2026-06-01 11:49:04,-88,-64,Room102,100.0
2026-06-01 11:49:08,-88,-64,Room102,100.0
2026-06-01 11:49:12,-88,-64,Room102,100.0
2026-06-01 11:49:17,-87,-64,Room102,100.0
2026-06-01 11:49:21,-88,-64,Room102,100.0
2026-06-01 11:49:25,-90,-65,Room102,100.0
2026-06-01 11:49:30,-90,-65,Room102,100.0
2026-06-01 11:49:34,-90,-65,Room102,100.0
2026-06-01 11:49:38,-89,-65,Room102,100.0
2026-06-01 11:49:43,-89,-65,Room102,100.0
2026-06-01 11:49:47,-89,-65,Room102,100.0
2026-06-01 11:49:51,-89,-65,Room102,100.0
2026-06-01 11:49:56,-89,-65,Room102,100.0
2026-06-01 11:50:00,-89,-66,Room102,100.0
2026-06-01 11:50:04,-89,-66,Room102,100.0
2026-06-01 11:50:09,-89,-66,Room102,100.0
2026-06-01 11:50:13,-89,-66,Room102,100.0
2026-06-01 11:50:17,-89,-66,Room102,100.0
2026-06-01 11:50:22,-89,-65,Room102,100.0
2026-06-01 11:50:26,-89,-65,Room102,100.0
2026-06-01 11:50:30,-88,-64,Room102,100.0
2026-06-01 11:50:35,-88,-64,Room102,100.0
2026-06-01 11:50:39,-88,-64,Room102,100.0
2026-06-01 11:50:43,-89,-65,Room102,100.0
2026-06-01 11:50:47,-89,-65,Room102,100.0
2026-06-01 11:50:52,-89,-65,Room102,100.0
2026-06-01 11:50:56,-90,-64,Room102,100.0
2026-06-01 11:51:00,-90,-64,Room102,100.0
2026-06-01 11:51:05,-89,-64,Room102,100.0
2026-06-01 11:51:09,-90,-64,Room102,100.0
2026-06-01 11:51:13,-90,-64,Room102,100.0
2026-06-01 11:51:18,-89,-63,Room102,100.0
2026-06-01 11:51:22,-88,-63,Room102,100.0
2026-06-01 11:51:26,-89,-63,Room102,100.0
2026-06-01 11:51:31,-88,-63,Room102,100.0
2026-06-01 11:51:35,-88,-64,Room102,100.0
2026-06-01 11:51:39,-88,-64,Room102,100.0
2026-06-01 11:51:44,-88,-64,Room102,100.0
2026-06-01 11:51:48,-87,-64,Room102,100.0
2026-06-01 11:51:52,-87,-64,Room102,100.0
2026-06-01 11:51:56,-87,-65,Room102,100.0
2026-06-01 11:52:01,-87,-65,Room102,100.0
2026-06-01 11:52:22,-88,-65,Room102,100.0
2026-06-01 11:52:27,-88,-65,Room102,100.0
2026-06-01 11:52:31,-88,-64,Room102,100.0
2026-06-01 11:52:35,-89,-64,Room102,100.0
2026-06-01 11:52:40,-89,-64,Room102,100.0
2026-06-01 11:52:44,-89,-64,Room102,100.0
2026-06-01 11:52:48,-90,-65,Room102,100.0
2026-06-01 11:52:53,-90,-65,Room102,100.0
2026-06-01 11:52:57,-89,-65,Room102,100.0
2026-06-01 11:53:01,-90,-65,Room102,100.0
2026-06-01 11:53:06,-88,-64,Room102,100.0
2026-06-01 11:53:10,-89,-64,Room102,100.0
2026-06-01 11:53:14,-89,-64,Room102,100.0
2026-06-01 11:53:42,-88,-64,Room102,100.0
2026-06-01 11:53:44,-87,-65,Room102,100.0
2026-06-01 11:53:49,-86,-65,Room102,100.0
2026-06-01 11:53:53,-86,-65,Room102,100.0
2026-06-01 11:53:57,-85,-65,Room102,100.0
2026-06-01 11:54:02,-84,-65,Room102,100.0
2026-06-01 11:54:06,-84,-65,Room102,100.0
2026-06-01 11:54:10,-85,-65,Room102,100.0
2026-06-01 11:54:15,-85,-66,Room102,100.0
2026-06-01 11:54:19,-85,-66,Room102,100.0
2026-06-01 11:54:23,-86,-67,Room102,100.0
2026-06-01 11:54:28,-85,-64,Room102,100.0
2026-06-01 11:54:32,-84,-62,Room102,100.0
2026-06-01 11:54:36,-85,-66,Room102,100.0
2026-06-01 11:54:41,-84,-67,Room102,100.0
2026-06-01 11:54:45,-79,-69,Corridor,66.7
2026-06-01 11:54:49,-76,-68,Corridor,100.0
2026-06-01 11:54:54,-74,-68,Corridor,100.0
2026-06-01 11:54:58,-78,-70,Corridor,100.0
2026-06-01 11:55:02,-78,-70,Corridor,100.0
2026-06-01 11:55:07,-80,-73,Corridor,100.0
2026-06-01 11:55:11,-80,-73,Corridor,100.0
2026-06-01 11:55:15,-81,-72,Corridor,100.0
2026-06-01 11:55:19,-81,-74,Corridor,100.0
2026-06-01 11:55:24,-83,-72,Corridor,66.7
2026-06-01 11:55:28,-82,-70,Room102,66.7
2026-06-01 11:55:32,-81,-68,Room102,66.7
2026-06-01 11:55:37,-79,-69,Corridor,66.7
2026-06-01 11:55:41,-77,-66,Corridor,66.7
2026-06-01 11:55:45,-78,-69,Corridor,100.0
2026-06-01 11:55:50,-77,-69,Corridor,100.0
2026-06-01 11:55:54,-79,-65,Room102,100.0
2026-06-01 11:55:58,-79,-62,Room102,100.0
2026-06-01 11:56:03,-77,-64,Room102,66.7
2026-06-01 11:56:07,-74,-64,Corridor,100.0
2026-06-01 12:05:56,-72,-68,Corridor,100.0
2026-06-01 12:06:00,-73,-68,Corridor,100.0
2026-06-01 12:06:05,-73,-67,Corridor,100.0
2026-06-01 12:06:09,-74,-67,Corridor,100.0
2026-06-01 12:06:13,-76,-67,Corridor,100.0
2026-06-01 12:06:18,-75,-67,Corridor,100.0
2026-06-01 12:06:22,-75,-66,Corridor,100.0
2026-06-01 12:06:26,-74,-66,Corridor,100.0
2026-06-01 12:06:31,-74,-67,Corridor,100.0
2026-06-01 12:06:35,-75,-68,Corridor,100.0
2026-06-01 12:06:39,-73,-68,Corridor,100.0
2026-06-01 12:06:44,-73,-69,Corridor,100.0
2026-06-01 12:06:48,-73,-69,Corridor,100.0
2026-06-01 12:06:52,-71,-71,Corridor,100.0
2026-06-01 12:06:57,-69,-72,Corridor,100.0
2026-06-01 12:07:01,-68,-71,Corridor,100.0
2026-06-01 12:07:05,-67,-70,Corridor,100.0
2026-06-01 12:07:10,-66,-72,Corridor,100.0
2026-06-01 12:07:14,-65,-72,Corridor,100.0
2026-06-01 12:07:18,-65,-72,Corridor,100.0
2026-06-01 12:07:22,-65,-73,Corridor,100.0
2026-06-01 12:07:27,-66,-71,Corridor,100.0
2026-06-01 12:07:31,-67,-69,Corridor,100.0
2026-06-01 12:07:35,-67,-69,Corridor,100.0
2026-06-01 12:07:40,-70,-70,Corridor,100.0
2026-06-01 12:07:44,-73,-71,Corridor,100.0
2026-06-01 12:07:48,-66,-70,Corridor,100.0
2026-06-01 12:07:53,-60,-68,Corridor,100.0
2026-06-01 12:07:57,-56,-68,Room101,100.0
2026-06-01 12:08:01,-53,-67,Room101,100.0
2026-06-01 12:08:06,-50,-67,Room101,100.0
2026-06-01 12:08:10,-48,-68,Room101,100.0
2026-06-01 12:08:14,-45,-69,Room101,100.0
2026-06-01 12:08:19,-48,-62,Room101,66.7
2026-06-01 12:08:23,-50,-57,Corridor,100.0
2026-06-01 12:08:27,-51,-53,Corridor,100.0
2026-06-01 12:08:32,-51,-49,Corridor,100.0
2026-06-01 12:08:36,-56,-46,Corridor,100.0
2026-06-01 12:08:40,-57,-49,Corridor,100.0
2026-06-01 12:08:44,-59,-53,Corridor,100.0
2026-06-01 12:08:49,-60,-54,Corridor,100.0
2026-06-01 12:08:53,-60,-60,Corridor,100.0
2026-06-01 12:08:57,-60,-60,Corridor,100.0
2026-06-01 12:09:02,-59,-63,Corridor,100.0
2026-06-01 12:09:06,-58,-66,Corridor,100.0
2026-06-01 12:09:10,-59,-64,Corridor,100.0
2026-06-01 12:09:15,-59,-64,Corridor,100.0
2026-06-01 12:09:19,-59,-66,Corridor,100.0
2026-06-01 12:09:23,-60,-69,Corridor,100.0
2026-06-01 12:09:28,-59,-67,Corridor,100.0
2026-06-01 12:09:32,-59,-66,Corridor,100.0
2026-06-01 12:09:36,-58,-66,Corridor,100.0
2026-06-01 12:09:41,-59,-66,Corridor,100.0
2026-06-01 12:09:45,-58,-64,Corridor,100.0
2026-06-01 12:09:49,-57,-64,Corridor,100.0
2026-06-01 12:09:54,-56,-63,Corridor,100.0
2026-06-01 12:09:58,-57,-64,Corridor,100.0
2026-06-01 12:10:02,-59,-65,Corridor,100.0
2026-06-01 12:10:07,-60,-66,Corridor,100.0
2026-06-01 12:10:11,-59,-68,Corridor,100.0
2026-06-01 12:10:15,-60,-69,Corridor,100.0
2026-06-01 12:10:19,-59,-67,Corridor,100.0
2026-06-01 12:10:24,-60,-67,Corridor,100.0
2026-06-01 12:10:28,-62,-68,Corridor,100.0
2026-06-01 12:10:32,-61,-66,Corridor,100.0
2026-06-01 12:10:37,-60,-64,Corridor,100.0
2026-06-01 12:10:41,-60,-65,Corridor,100.0
2026-06-01 12:10:45,-58,-65,Corridor,100.0
2026-06-01 12:10:50,-58,-66,Corridor,100.0
2026-06-01 12:10:54,-59,-67,Corridor,100.0
2026-06-01 12:10:58,-59,-66,Corridor,100.0
2026-06-01 12:11:03,-60,-66,Corridor,100.0
2026-06-01 12:11:07,-60,-64,Corridor,100.0
2026-06-01 12:11:11,-62,-64,Corridor,100.0
2026-06-01 12:11:16,-62,-64,Corridor,100.0
2026-06-01 12:11:20,-62,-64,Corridor,100.0
2026-06-01 12:11:24,-62,-65,Corridor,100.0
2026-06-01 12:11:29,-61,-65,Corridor,100.0
2026-06-01 12:11:33,-60,-65,Corridor,100.0
2026-06-01 12:11:37,-59,-65,Corridor,100.0
2026-06-01 12:11:42,-59,-66,Corridor,100.0
2026-06-01 12:11:46,-58,-66,Corridor,100.0
2026-06-01 12:11:50,-58,-66,Corridor,100.0
2026-06-01 12:11:54,-58,-66,Corridor,100.0
2026-06-01 12:11:59,-58,-66,Corridor,100.0
2026-06-01 12:12:03,-58,-66,Corridor,100.0
2026-06-01 12:12:07,-58,-66,Corridor,100.0
2026-06-01 12:12:12,-58,-65,Corridor,100.0
2026-06-01 12:12:16,-58,-65,Corridor,100.0
2026-06-01 12:12:20,-58,-65,Corridor,100.0
2026-06-01 12:12:25,-58,-65,Corridor,100.0
2026-06-01 12:12:29,-58,-66,Corridor,100.0
2026-06-01 12:12:33,-58,-66,Corridor,100.0
2026-06-01 12:12:38,-58,-66,Corridor,100.0
2026-06-01 12:12:42,-58,-66,Corridor,100.0
2026-06-01 12:12:46,-58,-66,Corridor,100.0
2026-06-01 12:12:51,-58,-66,Corridor,100.0
2026-06-01 12:12:55,-58,-66,Corridor,100.0
2026-06-01 12:12:59,-58,-66,Corridor,100.0
2026-06-01 12:13:04,-58,-66,Corridor,100.0
2026-06-01 12:13:08,-58,-66,Corridor,100.0
2026-06-01 12:13:12,-58,-65,Corridor,100.0
2026-06-01 12:13:17,-58,-65,Corridor,100.0
2026-06-01 12:13:21,-58,-66,Corridor,100.0
2026-06-01 12:13:25,-58,-65,Corridor,100.0
2026-06-01 12:13:29,-58,-65,Corridor,100.0
2026-06-01 12:13:34,-58,-65,Corridor,100.0
2026-06-01 12:13:38,-58,-65,Corridor,100.0
2026-06-01 12:13:42,-58,-65,Corridor,100.0
2026-06-01 12:13:47,-58,-65,Corridor,100.0
2026-06-01 12:13:51,-58,-66,Corridor,100.0
2026-06-01 12:13:55,-58,-66,Corridor,100.0
2026-06-01 12:14:00,-58,-65,Corridor,100.0
2026-06-01 12:14:04,-58,-65,Corridor,100.0
2026-06-01 12:14:08,-58,-65,Corridor,100.0
2026-06-01 12:14:13,-58,-65,Corridor,100.0
2026-06-01 12:14:17,-58,-65,Corridor,100.0
2026-06-01 12:14:21,-57,-65,Corridor,100.0
2026-06-01 12:14:26,-58,-65,Corridor,100.0
2026-06-01 12:14:30,-58,-65,Corridor,100.0
2026-06-01 12:14:34,-58,-65,Corridor,100.0
2026-06-01 12:14:39,-58,-66,Corridor,100.0
2026-06-01 12:14:43,-58,-65,Corridor,100.0
2026-06-01 12:14:47,-58,-64,Corridor,100.0
2026-06-01 12:14:51,-58,-65,Corridor,100.0
2026-06-01 12:14:56,-58,-64,Corridor,100.0
2026-06-01 12:15:00,-58,-64,Corridor,100.0
2026-06-01 12:15:04,-58,-64,Corridor,100.0
2026-06-01 12:15:09,-58,-64,Corridor,100.0
2026-06-01 12:15:13,-58,-64,Corridor,100.0
2026-06-01 12:15:17,-58,-65,Corridor,100.0
2026-06-01 12:15:22,-59,-67,Corridor,100.0
2026-06-01 12:15:26,-61,-66,Corridor,100.0
2026-06-01 12:15:30,-65,-66,Corridor,100.0
2026-06-01 12:15:35,-68,-67,Corridor,100.0
2026-06-01 12:15:39,-70,-68,Corridor,100.0
2026-06-01 12:15:43,-72,-69,Corridor,100.0
2026-06-01 12:15:48,-74,-73,Corridor,100.0
2026-06-01 12:15:52,-75,-77,Corridor,100.0
2026-06-01 12:15:56,-76,-80,Corridor,100.0
2026-06-01 12:16:01,-79,-80,Corridor,100.0
2026-06-01 12:16:05,-78,-79,Corridor,100.0
2026-06-01 12:16:09,-79,-78,Corridor,100.0
2026-06-01 12:16:13,-80,-75,Corridor,100.0
2026-06-01 12:16:18,-82,-76,Corridor,100.0
2026-06-01 12:16:22,-84,-76,Corridor,100.0
2026-06-01 12:16:26,-85,-74,Corridor,66.7
2026-06-01 12:16:31,-85,-76,Corridor,66.7
2026-06-01 12:16:35,-85,-75,Corridor,66.7
2026-06-01 12:16:39,-83,-74,Corridor,66.7
2026-06-01 12:16:44,-81,-77,Corridor,100.0
2026-06-01 12:16:48,-80,-76,Corridor,100.0
2026-06-01 12:16:52,-82,-77,Corridor,100.0
2026-06-01 12:16:57,-84,-79,Corridor,100.0
2026-06-01 12:17:01,-83,-78,Corridor,100.0
2026-06-01 12:17:05,-83,-79,Corridor,100.0
2026-06-01 12:17:10,-82,-78,Corridor,100.0
2026-06-01 12:17:14,-81,-77,Corridor,100.0
2026-06-01 12:17:18,-82,-77,Corridor,100.0
2026-06-01 12:17:23,-83,-77,Corridor,100.0
2026-06-01 12:17:27,-82,-75,Corridor,100.0
2026-06-01 12:17:31,-85,-77,Corridor,100.0
2026-06-01 12:17:36,-87,-76,Room102,66.7
2026-06-01 12:17:40,-87,-74,Room102,66.7
2026-06-01 12:17:44,-85,-67,Room102,100.0
2026-06-01 12:17:48,-84,-63,Room102,100.0
2026-06-01 12:17:53,-82,-65,Room102,100.0
2026-06-01 12:17:57,-79,-65,Room102,100.0
2026-06-01 12:18:01,-78,-68,Corridor,100.0
2026-06-01 12:18:06,-78,-67,Corridor,66.7
2026-06-01 12:18:10,-76,-65,Corridor,66.7
2026-06-01 12:18:14,-74,-63,Corridor,100.0
2026-06-01 12:18:19,-73,-62,Corridor,100.0
2026-06-01 12:18:23,-72,-60,Corridor,100.0
2026-06-01 12:18:27,-71,-61,Corridor,100.0
2026-06-01 12:18:32,-70,-60,Corridor,100.0
2026-06-01 12:18:36,-68,-59,Corridor,100.0
2026-06-01 12:18:40,-66,-64,Corridor,100.0
2026-06-01 12:18:45,-61,-70,Corridor,100.0
2026-06-01 12:18:49,-59,-74,Room101,100.0
2026-06-01 12:18:53,-57,-77,Room101,100.0
2026-06-01 12:18:58,-55,-79,Room101,100.0
2026-06-01 12:19:02,-55,-81,Room101,100.0
2026-06-01 12:19:06,-62,-83,Room101,100.0
2026-06-01 12:19:11,-63,-80,Room101,100.0
2026-06-01 12:19:15,-64,-80,Room101,100.0
2026-06-02 12:24:30,-69,-65,Corridor,100.0
2026-06-02 12:24:30,-69,-65,Corridor,100.0
2026-06-02 12:24:30,-69,-65,Corridor,100.0
2026-06-02 12:24:30,-69,-65,Corridor,100.0
2026-06-02 12:24:30,-69,-65,Corridor,100.0
2026-06-02 12:24:30,-69,-65,Corridor,100.0
2026-06-02 12:24:30,-69,-65,Corridor,100.0
2026-06-02 12:24:30,-69,-65,Corridor,100.0
2026-06-02 12:24:30,-69,-65,Corridor,100.0
2026-06-02 12:24:30,-69,-65,Corridor,100.0
2026-06-02 12:24:30,-69,-65,Corridor,100.0
2026-06-02 12:24:30,-69,-65,Corridor,100.0
2026-06-02 12:24:30,-69,-65,Corridor,100.0
2026-06-02 12:24:30,-69,-65,Corridor,100.0
2026-06-02 12:24:30,-69,-65,Corridor,100.0
2026-06-02 12:24:30,-69,-65,Corridor,100.0
2026-06-02 12:24:30,-69,-65,Corridor,100.0
2026-06-02 12:24:30,-69,-65,Corridor,100.0
2026-06-02 12:24:30,-69,-65,Corridor,100.0
2026-06-02 12:24:30,-69,-65,Corridor,100.0
2026-06-02 12:24:30,-69,-65,Corridor,100.0
2026-06-02 12:24:30,-69,-65,Corridor,100.0
2026-06-02 12:24:30,-69,-65,Corridor,100.0
2026-06-02 12:24:30,-69,-65,Corridor,100.0
2026-06-02 12:24:30,-69,-65,Corridor,100.0
2026-06-02 12:24:30,-69,-65,Corridor,100.0
2026-06-02 12:24:30,-69,-65,Corridor,100.0
2026-06-02 12:24:30,-69,-65,Corridor,100.0
2026-06-02 12:24:30,-69,-65,Corridor,100.0
2026-06-02 12:24:30,-69,-65,Corridor,100.0
2026-06-02 12:24:30,-69,-65,Corridor,100.0
2026-06-02 12:24:30,-69,-65,Corridor,100.0
2026-06-02 12:24:30,-69,-65,Corridor,100.0
2026-06-02 12:24:30,-69,-65,Corridor,100.0
2026-06-02 12:24:30,-69,-65,Corridor,100.0
2026-06-02 12:24:30,-69,-65,Corridor,100.0
2026-06-02 12:24:30,-69,-65,Corridor,100.0
2026-06-02 12:24:30,-69,-65,Corridor,100.0
2026-06-02 12:24:30,-69,-65,Corridor,100.0
2026-06-02 12:24:30,-69,-65,Corridor,100.0
2026-06-02 12:24:30,-69,-65,Corridor,100.0
2026-06-02 12:24:30,-69,-65,Corridor,100.0
2026-06-02 12:24:30,-69,-65,Corridor,100.0
2026-06-02 12:24:30,-69,-65,Corridor,100.0
2026-06-02 12:24:30,-69,-65,Corridor,100.0
2026-06-02 12:24:30,-69,-65,Corridor,100.0
2026-06-02 12:24:30,-69,-65,Corridor,100.0
2026-06-02 12:24:30,-69,-65,Corridor,100.0
2026-06-02 12:24:30,-69,-65,Corridor,100.0
2026-06-02 12:24:30,-69,-65,Corridor,100.0
2026-06-02 12:24:30,-69,-65,Corridor,100.0
2026-06-02 12:24:30,-69,-65,Corridor,100.0
2026-06-02 12:24:30,-69,-65,Corridor,100.0
2026-06-02 12:24:30,-69,-65,Corridor,100.0
2026-06-02 12:24:30,-69,-65,Corridor,100.0
2026-06-02 12:24:30,-69,-65,Corridor,100.0
2026-06-02 12:24:30,-69,-65,Corridor,100.0
2026-06-02 12:24:30,-69,-65,Corridor,100.0
2026-06-02 12:24:30,-69,-65,Corridor,100.0
2026-06-02 12:24:30,-69,-65,Corridor,100.0
2026-06-02 12:24:30,-69,-65,Corridor,100.0
2026-06-02 12:24:30,-69,-65,Corridor,100.0
2026-06-02 12:24:30,-69,-65,Corridor,100.0
2026-06-02 12:24:30,-69,-65,Corridor,100.0
2026-06-02 12:24:30,-69,-65,Corridor,100.0
2026-06-02 12:24:30,-69,-65,Corridor,100.0
2026-06-02 12:24:30,-69,-65,Corridor,100.0
2026-06-02 12:24:30,-69,-65,Corridor,100.0
2026-06-02 12:24:30,-69,-65,Corridor,100.0
2026-06-02 12:24:30,-69,-65,Corridor,100.0
2026-06-02 12:24:30,-69,-65,Corridor,100.0
2026-06-02 12:24:30,-69,-65,Corridor,100.0
2026-06-02 12:24:30,-69,-65,Corridor,100.0
2026-06-02 12:24:30,-69,-65,Corridor,100.0
2026-06-02 12:24:30,-69,-65,Corridor,100.0
2026-06-02 12:24:30,-69,-65,Corridor,100.0
2026-06-02 12:24:30,-69,-65,Corridor,100.0
2026-06-02 12:24:30,-69,-65,Corridor,100.0
2026-06-02 12:24:30,-69,-65,Corridor,100.0
2026-06-02 12:24:30,-69,-65,Corridor,100.0
2026-06-02 12:24:30,-69,-65,Corridor,100.0
2026-06-02 12:24:30,-69,-65,Corridor,100.0
2026-06-02 12:24:30,-69,-65,Corridor,100.0
2026-06-02 12:24:30,-69,-65,Corridor,100.0
2026-06-02 12:24:30,-69,-65,Corridor,100.0
2026-06-02 12:24:38,-69,-69,Corridor,100.0
2026-06-02 12:24:43,-69,-68,Corridor,100.0
2026-06-02 12:24:47,-68,-67,Corridor,100.0
2026-06-02 12:24:51,-69,-68,Corridor,100.0
2026-06-02 12:24:56,-69,-68,Corridor,100.0
2026-06-02 12:25:00,-69,-68,Corridor,100.0
2026-06-02 12:25:04,-69,-66,Corridor,100.0
2026-06-02 12:25:09,-70,-66,Corridor,100.0
2026-06-02 12:25:13,-69,-66,Corridor,100.0
2026-06-02 12:25:17,-69,-66,Corridor,100.0
2026-06-02 12:25:21,-69,-65,Corridor,100.0
2026-06-02 12:25:26,-69,-66,Corridor,100.0
2026-06-02 12:25:30,-71,-66,Corridor,100.0
2026-06-02 12:25:34,-71,-67,Corridor,100.0
2026-06-02 12:25:39,-71,-67,Corridor,100.0
2026-06-02 12:25:43,-70,-67,Corridor,100.0
2026-06-02 12:25:47,-70,-68,Corridor,100.0
2026-06-02 12:25:52,-70,-67,Corridor,100.0
2026-06-02 12:25:56,-70,-67,Corridor,100.0
2026-06-02 12:26:00,-70,-68,Corridor,100.0
2026-06-02 12:26:05,-71,-67,Corridor,100.0
2026-06-02 12:26:09,-71,-66,Corridor,100.0
2026-06-02 12:26:13,-70,-61,Corridor,100.0
2026-06-02 12:26:18,-70,-56,Room102,100.0
2026-06-02 12:26:22,-70,-52,Room102,100.0
2026-06-02 12:26:26,-69,-57,Corridor,100.0
2026-06-02 12:26:31,-70,-62,Corridor,100.0
2026-06-02 12:26:35,-71,-59,Corridor,100.0
2026-06-02 12:26:39,-70,-53,Room102,100.0
2026-06-02 12:26:44,-69,-54,Room102,100.0
2026-06-02 12:26:48,-69,-60,Corridor,100.0
2026-06-02 12:26:52,-69,-62,Corridor,100.0
2026-06-02 12:26:56,-68,-65,Corridor,100.0
2026-06-02 12:27:01,-66,-66,Corridor,100.0
2026-06-02 12:27:05,-68,-57,Corridor,100.0
2026-06-02 12:27:09,-70,-52,Room102,100.0
2026-06-02 12:27:14,-68,-57,Corridor,100.0
2026-06-02 12:27:18,-67,-58,Corridor,100.0
2026-06-02 12:27:22,-67,-60,Corridor,100.0
2026-06-02 12:27:27,-66,-61,Corridor,100.0
2026-06-02 12:27:31,-66,-61,Corridor,100.0
2026-06-02 12:27:35,-65,-62,Corridor,100.0
2026-06-02 12:27:40,-65,-62,Corridor,100.0
2026-06-02 12:27:44,-65,-62,Corridor,100.0
2026-06-02 12:27:48,-64,-62,Corridor,100.0
2026-06-02 12:27:53,-64,-62,Corridor,100.0
2026-06-02 12:27:57,-65,-62,Corridor,100.0
2026-06-02 12:28:01,-65,-62,Corridor,100.0
2026-06-02 12:28:06,-65,-62,Corridor,100.0
2026-06-02 12:28:10,-64,-62,Corridor,100.0
2026-06-02 12:28:14,-64,-62,Corridor,100.0
2026-06-02 12:28:19,-64,-62,Corridor,100.0
2026-06-02 12:28:23,-64,-62,Corridor,100.0
2026-06-02 12:28:27,-64,-62,Corridor,100.0
2026-06-02 12:28:31,-64,-62,Corridor,100.0
2026-06-02 12:28:36,-64,-62,Corridor,100.0
2026-06-02 12:28:40,-64,-63,Corridor,100.0
2026-06-02 12:28:44,-64,-62,Corridor,100.0
2026-06-02 12:28:49,-64,-63,Corridor,100.0
2026-06-02 12:28:53,-64,-63,Corridor,100.0
2026-06-02 12:28:57,-64,-63,Corridor,100.0
2026-06-02 12:29:02,-65,-63,Corridor,100.0
2026-06-02 12:29:06,-64,-62,Corridor,100.0
2026-06-02 12:29:10,-65,-62,Corridor,100.0
2026-06-02 12:29:15,-64,-62,Corridor,100.0
2026-06-02 12:29:19,-64,-61,Corridor,100.0
2026-06-02 12:29:23,-64,-62,Corridor,100.0
2026-06-02 12:29:28,-65,-62,Corridor,100.0
2026-06-02 12:29:32,-65,-62,Corridor,100.0
2026-06-02 12:29:36,-65,-62,Corridor,100.0
2026-06-02 12:29:41,-65,-62,Corridor,100.0
2026-06-02 12:29:45,-65,-62,Corridor,100.0
2026-06-02 12:29:49,-65,-62,Corridor,100.0
2026-06-02 12:29:54,-65,-63,Corridor,100.0
2026-06-02 12:29:58,-64,-63,Corridor,100.0
2026-06-02 12:30:02,-65,-62,Corridor,100.0
2026-06-02 12:30:06,-66,-63,Corridor,100.0
2026-06-02 12:30:11,-65,-63,Corridor,100.0
2026-06-02 12:30:15,-64,-63,Corridor,100.0
2026-06-02 12:30:19,-64,-62,Corridor,100.0
2026-06-02 12:30:24,-64,-63,Corridor,100.0
2026-06-02 12:30:28,-63,-63,Corridor,100.0
2026-06-02 12:30:32,-63,-64,Corridor,100.0
2026-06-02 12:30:37,-66,-65,Corridor,100.0
2026-06-02 12:30:41,-67,-66,Corridor,100.0
2026-06-02 12:30:45,-66,-66,Corridor,100.0
2026-06-02 12:30:50,-64,-65,Corridor,100.0
2026-06-02 12:30:54,-64,-65,Corridor,100.0
2026-06-02 12:30:58,-62,-66,Corridor,100.0
2026-06-02 12:31:03,-60,-66,Corridor,100.0
2026-06-02 12:31:07,-60,-65,Corridor,100.0
2026-06-02 12:31:11,-59,-65,Corridor,100.0
2026-06-02 12:31:16,-61,-65,Corridor,100.0
2026-06-02 12:31:20,-65,-64,Corridor,100.0
2026-06-02 12:31:24,-70,-64,Corridor,100.0
2026-06-02 12:31:28,-74,-64,Corridor,100.0
2026-06-02 12:31:33,-79,-63,Room102,100.0
2026-06-02 12:31:37,-81,-62,Room102,100.0
2026-06-02 12:31:41,-82,-62,Room102,100.0
2026-06-02 12:31:46,-84,-61,Room102,100.0
2026-06-02 12:31:50,-86,-61,Room102,100.0
2026-06-02 12:31:54,-85,-61,Room102,100.0
2026-06-02 12:31:59,-86,-61,Room102,100.0
2026-06-02 12:32:03,-87,-61,Room102,100.0
2026-06-02 12:32:07,-87,-61,Room102,100.0
2026-06-02 12:32:12,-88,-62,Room102,100.0
2026-06-02 12:32:16,-89,-62,Room102,100.0
2026-06-02 12:32:20,-90,-61,Room102,100.0
2026-06-02 12:32:25,-89,-62,Room102,100.0
2026-06-02 12:32:29,-88,-62,Room102,100.0
2026-06-02 12:32:33,-86,-62,Room102,100.0
2026-06-02 12:32:38,-87,-61,Room102,100.0
2026-06-02 12:32:42,-88,-65,Room102,100.0
2026-06-02 12:32:46,-89,-71,Room102,100.0
2026-06-02 12:32:50,-89,-75,Room102,66.7
2026-06-02 12:32:55,-89,-78,Room102,66.7
2026-06-02 12:32:59,-89,-80,Corridor,66.7
2026-06-02 12:33:03,-88,-83,Corridor,100.0
2026-06-02 12:33:08,-90,-86,Corridor,100.0
2026-06-02 12:33:12,-91,-89,Corridor,100.0
2026-06-02 12:33:16,-92,-91,Corridor,100.0
2026-06-02 12:33:21,-92,-90,Corridor,100.0
2026-06-02 12:33:25,-91,-89,Corridor,100.0
2026-06-02 12:33:29,-88,-88,Corridor,100.0
2026-06-02 12:33:34,-86,-86,Corridor,100.0
2026-06-02 12:33:38,-84,-84,Corridor,100.0
2026-06-02 12:33:42,-83,-81,Corridor,100.0
2026-06-02 12:33:47,-83,-79,Corridor,100.0
2026-06-02 12:33:51,-81,-79,Corridor,100.0
2026-06-02 12:33:55,-79,-77,Corridor,100.0
2026-06-02 12:34:00,-81,-79,Corridor,100.0
2026-06-02 12:34:04,-83,-80,Corridor,100.0
2026-06-02 12:34:08,-84,-81,Corridor,100.0
2026-06-02 12:34:13,-85,-79,Corridor,100.0
2026-06-02 12:34:17,-85,-77,Corridor,100.0
2026-06-02 12:34:21,-86,-79,Corridor,100.0
2026-06-02 12:34:25,-87,-79,Corridor,66.7
2026-06-02 12:34:30,-88,-81,Corridor,100.0
2026-06-02 12:34:34,-90,-79,Room102,66.7
2026-06-02 12:34:38,-90,-80,Corridor,66.7
2026-06-02 12:34:43,-90,-80,Corridor,66.7
2026-06-02 12:34:47,-90,-76,Room102,66.7
2026-06-02 12:34:51,-90,-78,Room102,66.7
2026-06-02 12:34:56,-92,-81,Room102,66.7
2026-06-02 12:35:00,-94,-83,Room102,66.7
2026-06-02 12:35:04,-94,-84,Corridor,66.7
2026-06-02 12:35:09,-94,-87,Corridor,66.7
2026-06-02 12:35:13,-94,-87,Corridor,66.7
2026-06-02 12:35:17,-94,-87,Corridor,66.7
2026-06-02 12:35:22,-93,-87,Corridor,66.7
2026-06-02 12:35:26,-84,-83,Corridor,100.0
2026-06-02 12:35:30,-79,-82,Corridor,100.0
2026-06-02 12:35:35,-75,-79,Corridor,100.0
2026-06-02 12:35:39,-73,-78,Corridor,100.0
2026-06-02 12:35:43,-72,-78,Corridor,100.0
2026-06-02 12:35:48,-72,-77,Corridor,100.0
2026-06-02 12:35:52,-71,-75,Corridor,100.0
2026-06-02 12:35:56,-68,-74,Corridor,100.0
2026-06-02 12:36:00,-67,-71,Corridor,100.0
2026-06-02 12:36:05,-69,-70,Corridor,100.0
2026-06-02 12:36:09,-68,-69,Corridor,100.0
2026-06-02 12:36:13,-72,-68,Corridor,100.0
2026-06-02 12:36:18,-73,-72,Corridor,100.0
2026-06-02 12:36:22,-73,-73,Corridor,100.0
2026-06-02 12:36:26,-71,-69,Corridor,100.0
2026-06-02 12:36:31,-72,-72,Corridor,100.0
2026-06-02 12:36:35,-73,-70,Corridor,100.0
2026-06-02 12:36:39,-72,-68,Corridor,100.0
2026-06-02 12:36:44,-70,-66,Corridor,100.0
2026-06-02 12:36:48,-71,-69,Corridor,100.0
2026-06-02 12:36:52,-69,-69,Corridor,100.0
2026-06-02 12:36:57,-68,-71,Corridor,100.0
2026-06-02 12:37:01,-70,-73,Corridor,100.0
2026-06-02 12:37:05,-68,-71,Corridor,100.0
2026-06-02 12:37:10,-66,-72,Corridor,100.0
2026-06-02 12:37:14,-64,-70,Corridor,100.0
2026-06-02 12:37:18,-65,-70,Corridor,100.0
2026-06-02 12:37:23,-66,-71,Corridor,100.0
2026-06-02 12:37:27,-66,-73,Corridor,100.0
2026-06-02 12:37:31,-69,-74,Corridor,100.0
2026-06-02 12:37:35,-72,-76,Corridor,100.0
2026-06-02 12:37:40,-75,-78,Corridor,100.0
2026-06-02 12:37:44,-76,-75,Corridor,100.0
2026-06-02 12:37:48,-78,-71,Corridor,100.0
2026-06-02 12:37:53,-76,-72,Corridor,100.0
2026-06-02 12:37:57,-79,-71,Corridor,100.0
2026-06-02 12:38:01,-80,-71,Corridor,100.0
2026-06-02 12:38:06,-81,-67,Room102,100.0
2026-06-02 12:38:10,-80,-67,Room102,66.7
2026-06-02 12:38:14,-82,-68,Room102,100.0
2026-06-02 12:38:19,-81,-68,Room102,66.7
2026-06-02 12:38:23,-81,-70,Corridor,66.7
2026-06-02 12:38:27,-81,-68,Room102,66.7
2026-06-02 12:38:32,-77,-67,Corridor,100.0
2026-06-02 12:38:36,-77,-65,Room102,66.7
2026-06-02 12:38:40,-75,-64,Corridor,100.0
2026-06-02 12:38:45,-73,-61,Corridor,66.7
2026-06-02 12:38:49,-76,-64,Room102,66.7
2026-06-02 12:38:53,-78,-65,Room102,66.7
2026-06-02 12:38:58,-81,-66,Room102,100.0
2026-06-02 12:39:02,-83,-69,Room102,100.0
2026-06-02 12:39:06,-85,-70,Room102,100.0
2026-06-02 12:39:10,-87,-72,Room102,100.0
2026-06-02 12:39:15,-84,-71,Room102,66.7
2026-06-02 12:39:19,-84,-72,Room102,66.7
2026-06-02 12:39:23,-85,-76,Corridor,66.7
2026-06-02 12:39:28,-85,-76,Corridor,66.7
2026-06-02 12:39:32,-86,-74,Room102,66.7
2026-06-02 12:39:36,-86,-75,Corridor,66.7
2026-06-02 12:39:41,-83,-74,Corridor,66.7
2026-06-02 12:39:45,-82,-79,Corridor,100.0
2026-06-02 12:39:49,-79,-80,Corridor,100.0
2026-06-02 12:39:54,-78,-81,Corridor,100.0
2026-06-02 12:39:58,-78,-83,Corridor,100.0
2026-06-02 12:40:02,-76,-84,Room101,66.7
2026-06-02 12:40:07,-78,-85,Corridor,66.7
2026-06-02 12:40:11,-82,-88,Corridor,66.7
2026-06-02 12:40:15,-85,-90,Corridor,66.7
2026-06-02 12:40:20,-87,-89,Corridor,100.0
2026-06-02 12:40:24,-86,-84,Corridor,100.0
2026-06-02 12:40:28,-87,-83,Corridor,100.0
2026-06-02 12:40:32,-87,-81,Corridor,100.0
2026-06-02 12:40:37,-86,-78,Corridor,66.7
2026-06-02 12:40:41,-88,-78,Corridor,66.7
2026-06-02 12:40:45,-88,-78,Corridor,66.7
2026-06-02 12:40:50,-88,-77,Room102,66.7
2026-06-02 12:40:54,-88,-77,Room102,66.7
2026-06-02 12:40:58,-88,-76,Room102,66.7
2026-06-02 12:41:03,-87,-76,Room102,66.7
2026-06-02 12:41:07,-87,-76,Room102,66.7
2026-06-02 12:41:11,-86,-76,Corridor,66.7
2026-06-02 12:41:16,-84,-76,Corridor,100.0
2026-06-02 12:41:20,-84,-77,Corridor,100.0
2026-06-02 12:41:24,-84,-77,Corridor,100.0
2026-06-02 12:41:29,-84,-77,Corridor,100.0
2026-06-02 12:41:33,-84,-77,Corridor,100.0
2026-06-02 12:41:37,-83,-76,Corridor,100.0
2026-06-02 12:41:42,-85,-76,Corridor,66.7
2026-06-02 12:41:46,-85,-76,Corridor,66.7
2026-06-02 12:41:50,-84,-74,Corridor,66.7
2026-06-02 12:41:55,-84,-73,Corridor,66.7
2026-06-02 12:41:59,-83,-74,Corridor,66.7
2026-06-02 12:42:03,-83,-75,Corridor,100.0
2026-06-02 12:42:07,-83,-75,Corridor,100.0
2026-06-02 12:42:12,-83,-76,Corridor,100.0
2026-06-02 12:42:16,-85,-77,Corridor,100.0
2026-06-02 12:42:20,-86,-77,Corridor,66.7
2026-06-02 12:42:25,-84,-77,Corridor,100.0
2026-06-02 12:42:29,-84,-77,Corridor,100.0
2026-06-02 12:42:33,-84,-78,Corridor,100.0
2026-06-02 12:42:38,-84,-78,Corridor,100.0
2026-06-02 12:42:42,-83,-77,Corridor,100.0
2026-06-02 12:42:46,-83,-76,Corridor,100.0
2026-06-02 12:42:51,-84,-77,Corridor,100.0
2026-06-02 12:42:55,-84,-77,Corridor,100.0
2026-06-02 12:42:59,-84,-75,Corridor,66.7
2026-06-02 12:43:04,-84,-78,Corridor,100.0
2026-06-02 12:43:08,-85,-77,Corridor,100.0
2026-06-02 12:43:12,-84,-78,Corridor,100.0
2026-06-02 12:43:17,-84,-80,Corridor,100.0
2026-06-02 12:43:21,-84,-79,Corridor,100.0
2026-06-02 12:43:25,-84,-80,Corridor,100.0
2026-06-02 12:43:29,-84,-82,Corridor,100.0
2026-06-02 12:43:34,-85,-81,Corridor,100.0
2026-06-02 12:43:38,-85,-80,Corridor,100.0
2026-06-02 12:43:42,-85,-80,Corridor,100.0
2026-06-02 12:43:47,-85,-80,Corridor,100.0
2026-06-02 12:43:51,-85,-78,Corridor,100.0
2026-06-02 12:43:55,-85,-77,Corridor,100.0
2026-06-02 12:44:00,-85,-77,Corridor,100.0
2026-06-02 12:44:04,-86,-76,Corridor,66.7
2026-06-02 12:44:08,-86,-76,Corridor,66.7
2026-06-02 12:44:13,-86,-75,Corridor,66.7
2026-06-02 12:44:17,-85,-75,Corridor,66.7
2026-06-02 12:44:21,-85,-76,Corridor,66.7
2026-06-02 12:44:26,-86,-76,Corridor,66.7
2026-06-02 12:44:30,-85,-76,Corridor,66.7
2026-06-02 12:44:34,-84,-77,Corridor,100.0
2026-06-02 12:44:39,-84,-78,Corridor,100.0
2026-06-02 12:44:43,-84,-79,Corridor,100.0
2026-06-02 12:44:47,-84,-80,Corridor,100.0
2026-06-02 12:44:52,-84,-80,Corridor,100.0
2026-06-02 12:44:56,-84,-79,Corridor,100.0
2026-06-02 12:45:00,-84,-78,Corridor,100.0
2026-06-02 12:45:04,-84,-78,Corridor,100.0
2026-06-02 12:45:09,-85,-77,Corridor,100.0
2026-06-02 12:45:13,-85,-79,Corridor,100.0
2026-06-02 12:45:17,-84,-77,Corridor,100.0
2026-06-02 12:45:22,-85,-77,Corridor,100.0
2026-06-02 12:45:26,-86,-76,Corridor,66.7
2026-06-02 12:45:30,-87,-76,Room102,66.7
2026-06-02 12:45:35,-86,-75,Corridor,66.7
2026-06-02 12:45:39,-86,-77,Corridor,66.7
2026-06-02 12:45:43,-87,-77,Corridor,66.7
2026-06-02 12:45:48,-87,-76,Room102,66.7
2026-06-02 12:45:52,-87,-75,Room102,66.7
2026-06-02 12:45:56,-87,-74,Room102,66.7
2026-06-02 12:46:01,-86,-73,Room102,66.7
2026-06-02 12:46:05,-86,-73,Room102,66.7
2026-06-02 12:46:09,-86,-73,Room102,66.7
2026-06-02 12:46:14,-86,-72,Room102,100.0
2026-06-02 12:46:18,-85,-71,Room102,100.0
2026-06-02 12:46:22,-85,-71,Room102,100.0
2026-06-02 12:46:27,-86,-70,Room102,100.0
2026-06-02 12:46:31,-85,-71,Room102,100.0
2026-06-02 12:46:35,-86,-71,Room102,100.0
2026-06-02 12:46:39,-86,-72,Room102,100.0
2026-06-02 12:46:44,-84,-72,Room102,66.7
2026-06-02 12:46:48,-84,-72,Room102,66.7
2026-06-02 12:46:52,-84,-72,Room102,66.7
2026-06-02 12:46:57,-85,-72,Room102,66.7
2026-06-02 12:47:01,-84,-72,Room102,66.7
2026-06-02 12:47:05,-84,-73,Corridor,66.7
2026-06-02 12:47:10,-86,-76,Corridor,66.7
2026-06-02 12:47:14,-86,-74,Room102,66.7
2026-06-02 12:47:18,-87,-75,Room102,66.7
2026-06-02 12:47:23,-87,-78,Corridor,66.7
2026-06-02 12:47:27,-88,-80,Corridor,66.7
2026-06-02 12:47:31,-89,-80,Corridor,66.7
2026-06-02 12:47:36,-89,-80,Corridor,66.7
2026-06-02 12:47:40,-87,-76,Room102,66.7
2026-06-02 12:47:44,-85,-75,Corridor,66.7
2026-06-02 12:47:49,-81,-70,Corridor,66.7
2026-06-02 12:47:53,-77,-68,Corridor,100.0
2026-06-02 12:47:57,-75,-67,Corridor,100.0
2026-06-02 12:48:02,-74,-67,Corridor,100.0
2026-06-02 12:48:06,-73,-69,Corridor,100.0
2026-06-02 12:48:10,-73,-71,Corridor,100.0
2026-06-02 12:48:14,-74,-69,Corridor,100.0
2026-06-02 12:48:19,-73,-68,Corridor,100.0
2026-06-02 12:48:23,-69,-67,Corridor,100.0
2026-06-02 12:48:27,-67,-66,Corridor,100.0
2026-06-02 12:48:32,-65,-65,Corridor,100.0
2026-06-02 12:48:36,-65,-64,Corridor,100.0
2026-06-02 12:48:40,-63,-64,Corridor,100.0
2026-06-02 12:48:45,-61,-65,Corridor,100.0
2026-06-02 12:48:49,-62,-66,Corridor,100.0
2026-06-02 12:48:53,-63,-66,Corridor,100.0
2026-06-02 12:48:58,-64,-65,Corridor,100.0
2026-06-02 12:49:02,-64,-67,Corridor,100.0
2026-06-02 12:49:06,-64,-69,Corridor,100.0
2026-06-02 12:49:11,-64,-71,Corridor,100.0
2026-06-02 12:49:15,-62,-73,Room101,66.7
2026-06-02 12:49:19,-62,-73,Room101,66.7
2026-06-02 12:49:24,-62,-75,Room101,100.0
2026-06-02 12:49:28,-62,-75,Room101,100.0
2026-06-02 12:49:32,-62,-75,Room101,100.0
2026-06-02 12:49:36,-62,-77,Room101,100.0
2026-06-02 12:49:41,-62,-76,Room101,100.0
2026-06-02 12:49:45,-61,-75,Room101,100.0
2026-06-02 12:49:49,-62,-74,Room101,100.0
2026-06-02 12:49:54,-62,-73,Room101,66.7
2026-06-02 12:49:58,-62,-72,Corridor,100.0
2026-06-02 12:50:02,-62,-71,Corridor,100.0
2026-06-02 12:50:07,-61,-71,Corridor,100.0
2026-06-02 12:50:11,-62,-72,Corridor,100.0
2026-06-02 12:50:15,-61,-71,Corridor,100.0
2026-06-02 12:50:20,-61,-71,Corridor,100.0
2026-06-02 12:50:24,-61,-72,Room101,66.7
2026-06-02 12:50:28,-61,-73,Room101,100.0
2026-06-02 12:50:33,-61,-75,Room101,100.0
2026-06-02 12:50:37,-60,-76,Room101,100.0
2026-06-02 12:50:41,-61,-78,Room101,100.0
2026-06-02 12:50:46,-61,-77,Room101,100.0
2026-06-02 12:50:50,-61,-76,Room101,100.0
2026-06-02 12:50:54,-61,-75,Room101,100.0
2026-06-02 12:50:59,-61,-74,Room101,100.0
2026-06-02 12:51:03,-62,-74,Room101,100.0
2026-06-02 12:51:07,-62,-73,Room101,66.7
2026-06-02 12:51:11,-62,-73,Room101,66.7
2026-06-02 12:51:16,-62,-74,Room101,100.0
2026-06-02 12:51:20,-62,-73,Room101,66.7
2026-06-02 12:51:24,-61,-72,Room101,66.7
2026-06-02 12:51:29,-61,-75,Room101,100.0
2026-06-02 12:51:33,-61,-77,Room101,100.0
2026-06-02 12:51:37,-61,-77,Room101,100.0
2026-06-02 12:51:42,-62,-78,Room101,100.0
2026-06-02 12:51:46,-62,-80,Room101,100.0
2026-06-02 12:51:50,-62,-79,Room101,100.0
2026-06-02 12:51:55,-61,-79,Room101,100.0
2026-06-02 12:51:59,-61,-80,Room101,100.0
2026-06-02 12:52:03,-61,-80,Room101,100.0
2026-06-02 12:52:08,-61,-79,Room101,100.0
2026-06-02 12:52:12,-62,-79,Room101,100.0
2026-06-02 12:52:16,-62,-80,Room101,100.0
2026-06-02 12:52:21,-62,-80,Room101,100.0
2026-06-02 12:52:25,-62,-79,Room101,100.0
2026-06-02 12:52:29,-62,-78,Room101,100.0
2026-06-02 12:52:33,-62,-78,Room101,100.0
2026-06-02 12:52:38,-62,-78,Room101,100.0
2026-06-02 12:52:42,-62,-78,Room101,100.0
2026-06-02 12:52:46,-62,-79,Room101,100.0
2026-06-02 12:52:51,-62,-81,Room101,100.0
2026-06-02 12:52:55,-63,-79,Room101,100.0
2026-06-02 12:52:59,-63,-79,Room101,100.0
2026-06-02 12:53:04,-64,-77,Room101,100.0
2026-06-02 12:53:08,-64,-74,Corridor,66.7
2026-06-02 12:53:12,-65,-72,Corridor,100.0
2026-06-02 12:53:17,-64,-72,Corridor,100.0
2026-06-02 12:53:21,-66,-73,Corridor,100.0
2026-06-02 12:53:25,-66,-75,Corridor,100.0
2026-06-02 12:53:30,-68,-77,Corridor,66.7
2026-06-02 12:53:34,-69,-76,Corridor,100.0
2026-06-02 12:53:38,-69,-78,Corridor,66.7
2026-06-02 12:53:43,-71,-79,Corridor,66.7
2026-06-02 12:53:47,-72,-79,Corridor,100.0
2026-06-02 12:53:51,-71,-80,Room101,66.7
2026-06-02 12:53:56,-71,-80,Room101,66.7
2026-06-02 12:54:00,-70,-81,Room101,100.0
2026-06-02 12:54:04,-72,-80,Corridor,66.7
2026-06-02 12:54:08,-69,-79,Room101,66.7
2026-06-02 12:54:13,-67,-77,Room101,66.7
2026-06-02 12:54:17,-68,-77,Corridor,66.7
2026-06-02 12:54:21,-65,-79,Room101,100.0
2026-06-02 12:54:26,-64,-78,Room101,100.0
2026-06-02 12:54:30,-63,-78,Room101,100.0
2026-06-02 12:54:34,-62,-78,Room101,100.0
2026-06-02 12:54:39,-61,-79,Room101,100.0
2026-06-02 12:54:43,-60,-81,Room101,100.0
2026-06-02 12:54:47,-60,-81,Room101,100.0
2026-06-02 12:54:52,-59,-82,Room101,100.0
2026-06-02 12:54:56,-60,-82,Room101,100.0
2026-06-02 12:55:00,-60,-83,Room101,100.0
2026-06-02 12:55:05,-63,-83,Room101,100.0
2026-06-02 12:55:09,-63,-83,Room101,100.0
2026-06-02 12:55:13,-63,-83,Room101,100.0
2026-06-02 12:55:18,-63,-81,Room101,100.0
2026-06-02 12:55:22,-64,-81,Room101,100.0
2026-06-02 12:55:26,-65,-81,Room101,100.0
2026-06-02 12:55:31,-65,-80,Room101,100.0
2026-06-02 12:55:35,-65,-79,Room101,100.0
2026-06-02 12:55:39,-65,-79,Room101,100.0
2026-06-02 12:55:43,-63,-80,Room101,100.0
2026-06-02 12:55:48,-66,-81,Room101,100.0
2026-06-02 12:55:52,-64,-80,Room101,100.0
2026-06-02 12:55:56,-66,-80,Room101,100.0
2026-06-02 12:56:01,-66,-80,Room101,100.0
2026-06-02 12:56:05,-67,-80,Room101,100.0
2026-06-02 12:56:09,-66,-79,Room101,100.0
2026-06-02 12:56:14,-64,-80,Room101,100.0
2026-06-02 12:56:18,-62,-81,Room101,100.0
2026-06-02 12:56:22,-61,-81,Room101,100.0
2026-06-02 12:56:27,-61,-78,Room101,100.0
2026-06-02 12:56:31,-64,-77,Room101,100.0
2026-06-02 12:56:35,-66,-77,Room101,100.0
2026-06-02 12:56:40,-67,-77,Room101,66.7
2026-06-02 12:56:44,-68,-78,Room101,66.7
2026-06-02 12:56:48,-68,-78,Room101,66.7
2026-06-02 12:56:53,-69,-77,Corridor,100.0
2026-06-02 12:56:57,-70,-77,Corridor,100.0
2026-06-02 12:57:01,-69,-79,Room101,66.7
2026-06-02 12:57:05,-72,-73,Corridor,100.0
2026-06-02 12:57:10,-73,-68,Corridor,100.0
2026-06-02 12:57:14,-72,-65,Corridor,100.0
2026-06-02 12:57:18,-72,-66,Corridor,100.0
2026-06-02 12:57:23,-73,-72,Corridor,100.0
2026-06-02 12:57:27,-72,-76,Corridor,100.0
2026-06-02 12:57:31,-74,-78,Corridor,100.0
2026-06-02 12:57:36,-75,-80,Corridor,100.0
2026-06-02 12:57:40,-75,-83,Room101,66.7
2026-06-02 12:57:44,-75,-84,Room101,66.7
2026-06-02 12:57:49,-77,-86,Room101,66.7
2026-06-02 12:57:53,-75,-87,Room101,100.0
2026-06-02 12:57:57,-75,-87,Room101,100.0
2026-06-02 12:58:02,-75,-88,Room101,100.0
2026-06-02 12:58:06,-74,-89,Room101,100.0
2026-06-02 12:58:10,-74,-88,Room101,100.0
2026-06-02 12:58:15,-73,-86,Room101,100.0
2026-06-02 12:58:19,-73,-84,Room101,100.0
2026-06-02 12:58:23,-72,-76,Corridor,100.0
2026-06-02 12:58:28,-68,-70,Corridor,100.0
2026-06-02 12:58:32,-65,-65,Corridor,100.0
2026-06-02 12:58:36,-66,-62,Corridor,100.0
2026-06-02 12:58:40,-65,-59,Corridor,100.0
2026-06-02 12:58:45,-65,-57,Corridor,100.0
2026-06-02 12:58:49,-65,-56,Corridor,100.0
2026-06-02 12:58:53,-65,-55,Corridor,100.0
2026-06-02 12:58:58,-65,-54,Corridor,100.0
2026-06-02 12:59:02,-65,-53,Corridor,100.0
2026-06-02 12:59:06,-65,-53,Corridor,100.0
2026-06-02 12:59:11,-65,-53,Corridor,100.0
2026-06-02 12:59:15,-65,-52,Room102,66.7
2026-06-02 12:59:19,-65,-52,Room102,66.7
2026-06-02 12:59:24,-65,-52,Room102,66.7
2026-06-02 12:59:28,-65,-52,Room102,66.7
2026-06-02 12:59:32,-65,-52,Room102,66.7
2026-06-02 12:59:37,-65,-52,Room102,66.7
2026-06-02 12:59:41,-65,-52,Room102,66.7
2026-06-02 12:59:45,-65,-52,Room102,66.7
2026-06-02 12:59:50,-65,-52,Room102,66.7
2026-06-02 12:59:54,-65,-52,Room102,66.7
2026-06-02 12:59:58,-65,-52,Room102,66.7
2026-06-02 13:00:02,-65,-52,Room102,66.7
2026-06-02 13:00:07,-65,-52,Room102,66.7
2026-06-02 13:00:11,-65,-52,Room102,66.7
2026-06-02 13:00:15,-65,-52,Room102,66.7
2026-06-02 13:00:20,-65,-52,Room102,66.7
2026-06-02 13:00:24,-65,-52,Room102,66.7
2026-06-02 13:00:28,-65,-52,Room102,66.7
2026-06-02 13:00:33,-65,-52,Room102,66.7
2026-06-02 13:00:37,-65,-52,Room102,66.7
2026-06-02 13:00:41,-65,-52,Room102,66.7
2026-06-02 13:00:46,-65,-52,Room102,66.7
2026-06-02 13:00:50,-65,-52,Room102,66.7
2026-06-02 13:00:54,-65,-52,Room102,66.7
2026-06-02 13:00:59,-65,-52,Room102,66.7
2026-06-02 13:01:03,-65,-52,Room102,66.7
2026-06-02 13:01:07,-65,-52,Room102,66.7
2026-06-02 13:01:12,-65,-52,Room102,66.7
2026-06-02 13:01:16,-65,-52,Room102,66.7
2026-06-02 13:01:20,-65,-52,Room102,66.7
2026-06-02 13:01:25,-65,-52,Room102,66.7
2026-06-02 13:01:29,-65,-52,Room102,66.7
2026-06-02 13:01:33,-65,-52,Room102,66.7
2026-06-02 13:01:37,-65,-52,Room102,66.7
2026-06-02 13:01:42,-65,-52,Room102,66.7
2026-06-02 13:01:46,-65,-52,Room102,66.7
2026-06-02 13:01:50,-65,-52,Room102,66.7
2026-06-02 13:01:55,-65,-52,Room102,66.7
2026-06-02 13:01:59,-65,-52,Room102,66.7
2026-06-02 13:02:03,-65,-52,Room102,66.7
2026-06-02 13:02:08,-65,-52,Room102,66.7
2026-06-02 13:02:12,-65,-52,Room102,66.7
2026-06-02 13:02:16,-65,-52,Room102,66.7
2026-06-02 13:02:21,-65,-52,Room102,66.7
2026-06-02 13:02:25,-65,-52,Room102,66.7
2026-06-02 13:02:29,-65,-52,Room102,66.7
2026-06-02 13:02:34,-65,-52,Room102,66.7
2026-06-02 13:02:38,-65,-52,Room102,66.7
2026-06-02 13:02:42,-65,-52,Room102,66.7
2026-06-02 13:02:47,-65,-52,Room102,66.7
2026-06-02 13:02:51,-65,-52,Room102,66.7
2026-06-02 13:02:55,-65,-52,Room102,66.7
2026-06-02 13:02:59,-65,-52,Room102,66.7
2026-06-02 13:03:04,-65,-52,Room102,66.7
2026-06-02 13:03:08,-65,-52,Room102,66.7
2026-06-02 13:03:12,-65,-52,Room102,66.7
2026-06-02 13:03:17,-65,-52,Room102,66.7
2026-06-02 13:03:21,-65,-52,Room102,66.7
2026-06-02 13:03:25,-65,-52,Room102,66.7
2026-06-02 13:03:30,-65,-52,Room102,66.7
2026-06-02 13:03:34,-65,-52,Room102,66.7
2026-06-02 13:03:38,-65,-52,Room102,66.7
2026-06-02 13:03:43,-65,-52,Room102,66.7
2026-06-02 13:03:47,-65,-52,Room102,66.7
2026-06-02 13:03:51,-65,-52,Room102,66.7
2026-06-02 13:03:56,-65,-52,Room102,66.7
2026-06-02 13:04:00,-65,-52,Room102,66.7
2026-06-02 13:04:04,-65,-52,Room102,66.7
2026-06-02 13:04:09,-65,-52,Room102,66.7
2026-06-02 13:04:13,-65,-52,Room102,66.7
2026-06-02 13:04:17,-65,-52,Room102,66.7
2026-06-02 13:04:22,-65,-52,Room102,66.7
2026-06-02 13:04:26,-65,-52,Room102,66.7
2026-06-02 13:04:30,-65,-52,Room102,66.7
2026-06-02 13:04:35,-65,-52,Room102,66.7
2026-06-02 13:04:39,-65,-52,Room102,66.7
2026-06-02 13:04:43,-65,-52,Room102,66.7
2026-06-02 13:04:47,-65,-52,Room102,66.7
2026-06-02 13:04:52,-65,-52,Room102,66.7
2026-06-02 13:04:56,-65,-52,Room102,66.7
2026-06-02 13:05:00,-65,-52,Room102,66.7
2026-06-02 13:05:05,-65,-52,Room102,66.7
2026-06-02 13:05:09,-65,-52,Room102,66.7
2026-06-02 13:05:13,-65,-52,Room102,66.7
2026-06-02 13:05:18,-65,-52,Room102,66.7
2026-06-02 13:05:22,-65,-52,Room102,66.7
2026-06-02 13:05:26,-65,-52,Room102,66.7
2026-06-02 13:05:31,-65,-52,Room102,66.7
2026-06-02 13:05:35,-65,-52,Room102,66.7
2026-06-02 13:05:39,-65,-52,Room102,66.7
2026-06-02 13:05:44,-65,-52,Room102,66.7
2026-06-02 13:05:48,-65,-52,Room102,66.7
2026-06-02 13:05:52,-65,-52,Room102,66.7
2026-06-02 13:05:57,-65,-52,Room102,66.7
2026-06-02 13:06:01,-65,-52,Room102,66.7
2026-06-02 13:06:05,-65,-52,Room102,66.7
2026-06-02 13:06:09,-65,-52,Room102,66.7
2026-06-02 13:06:14,-65,-52,Room102,66.7
2026-06-02 13:06:18,-65,-52,Room102,66.7
2026-06-02 13:06:22,-65,-52,Room102,66.7
2026-06-02 13:06:27,-65,-52,Room102,66.7
2026-06-02 13:06:31,-65,-52,Room102,66.7
2026-06-02 13:06:35,-65,-52,Room102,66.7
2026-06-02 13:06:40,-65,-52,Room102,66.7
2026-06-02 13:06:44,-65,-52,Room102,66.7
2026-06-02 13:06:48,-65,-52,Room102,66.7
2026-06-02 13:06:53,-65,-52,Room102,66.7
2026-06-02 13:06:57,-65,-52,Room102,66.7
2026-06-02 13:07:01,-65,-52,Room102,66.7
2026-06-02 13:07:06,-65,-52,Room102,66.7
2026-06-02 13:07:10,-65,-52,Room102,66.7
2026-06-02 13:07:14,-65,-52,Room102,66.7
2026-06-02 13:07:19,-65,-52,Room102,66.7
2026-06-12 09:22:21,-74,-73,Corridor,100.0
2026-06-12 09:22:26,-77,-75,Corridor,100.0
2026-06-12 09:22:30,-81,-76,Corridor,100.0
2026-06-12 09:22:34,-84,-78,Corridor,100.0
2026-06-12 09:22:39,-85,-78,Corridor,100.0
2026-06-12 09:22:43,-85,-78,Corridor,100.0
2026-06-12 09:22:47,-86,-75,Corridor,66.7
2026-06-12 09:22:51,-86,-70,Room102,100.0
2026-06-12 09:22:56,-86,-72,Room102,100.0
2026-06-12 09:23:00,-88,-72,Room102,100.0
2026-06-12 09:23:04,-88,-73,Room102,100.0
2026-06-12 09:23:09,-88,-71,Room102,100.0
2026-06-12 09:23:13,-87,-68,Room102,100.0
2026-06-12 09:23:17,-88,-66,Room102,100.0
2026-06-12 09:23:22,-89,-66,Room102,100.0
2026-06-12 09:23:26,-89,-65,Room102,100.0
2026-06-12 09:23:30,-89,-65,Room102,100.0
2026-06-12 09:23:35,-90,-66,Room102,100.0
2026-06-12 09:23:39,-89,-66,Room102,100.0
2026-06-12 09:23:43,-90,-66,Room102,100.0
2026-06-12 09:23:48,-90,-67,Room102,100.0
2026-06-12 09:23:52,-89,-66,Room102,100.0
2026-06-12 09:23:56,-90,-67,Room102,100.0
2026-06-12 09:24:01,-90,-69,Room102,100.0
2026-06-12 09:24:05,-90,-69,Room102,100.0
2026-06-12 09:24:09,-86,-69,Room102,100.0
2026-06-12 09:24:13,-85,-70,Room102,100.0
2026-06-12 09:24:18,-81,-70,Corridor,66.7
2026-06-12 09:24:22,-78,-71,Corridor,100.0
2026-06-12 09:24:26,-75,-71,Corridor,100.0
2026-06-12 09:24:31,-73,-72,Corridor,100.0
2026-06-12 09:24:35,-72,-72,Corridor,100.0
2026-06-12 09:24:39,-71,-71,Corridor,100.0
2026-06-12 09:24:44,-70,-71,Corridor,100.0
2026-06-12 09:24:48,-70,-71,Corridor,100.0
2026-06-12 09:24:52,-69,-71,Corridor,100.0
2026-06-12 09:24:57,-68,-71,Corridor,100.0
2026-06-12 09:25:01,-69,-70,Corridor,100.0
2026-06-12 09:25:05,-69,-69,Corridor,100.0
2026-06-12 09:25:10,-68,-69,Corridor,100.0
2026-06-12 09:25:14,-68,-69,Corridor,100.0
2026-06-12 09:25:18,-68,-69,Corridor,100.0
2026-06-12 09:25:23,-68,-69,Corridor,100.0
2026-06-12 09:25:27,-68,-70,Corridor,100.0
2026-06-12 09:25:31,-68,-70,Corridor,100.0
2026-06-12 09:25:36,-68,-70,Corridor,100.0
2026-06-12 09:25:40,-68,-70,Corridor,100.0
2026-06-12 09:25:44,-68,-70,Corridor,100.0
2026-06-12 09:25:48,-68,-70,Corridor,100.0
2026-06-12 09:25:53,-68,-69,Corridor,100.0
2026-06-12 09:25:57,-67,-69,Corridor,100.0
2026-06-12 09:26:01,-68,-69,Corridor,100.0
2026-06-12 09:26:06,-68,-71,Corridor,100.0
2026-06-12 09:26:10,-68,-71,Corridor,100.0
2026-06-12 09:26:14,-68,-71,Corridor,100.0
2026-06-12 09:26:19,-68,-72,Corridor,100.0
2026-06-12 09:26:23,-68,-73,Corridor,100.0
2026-06-12 09:26:27,-68,-74,Corridor,100.0
2026-06-12 09:26:32,-67,-73,Corridor,100.0
2026-06-12 09:26:36,-68,-72,Corridor,100.0
2026-06-12 09:26:40,-68,-71,Corridor,100.0
2026-06-12 09:26:45,-68,-71,Corridor,100.0
2026-06-12 09:26:49,-68,-71,Corridor,100.0
2026-06-12 09:26:53,-68,-70,Corridor,100.0
2026-06-12 09:26:58,-67,-70,Corridor,100.0
2026-06-12 09:27:02,-67,-69,Corridor,100.0
2026-06-12 09:27:06,-67,-70,Corridor,100.0
2026-06-12 09:27:11,-67,-69,Corridor,100.0
2026-06-12 09:27:15,-67,-69,Corridor,100.0
2026-06-12 09:27:19,-68,-70,Corridor,100.0
2026-06-12 09:27:23,-69,-69,Corridor,100.0
2026-06-12 09:27:28,-69,-68,Corridor,100.0
2026-06-12 09:27:32,-69,-67,Corridor,100.0
2026-06-12 09:27:36,-69,-67,Corridor,100.0
2026-06-12 09:27:41,-69,-67,Corridor,100.0
2026-06-12 09:27:45,-70,-67,Corridor,100.0
2026-06-12 09:27:49,-70,-66,Corridor,100.0
2026-06-12 09:27:54,-69,-66,Corridor,100.0
2026-06-12 09:27:58,-69,-66,Corridor,100.0
2026-06-12 09:28:02,-69,-66,Corridor,100.0
2026-06-12 09:28:07,-68,-68,Corridor,100.0
2026-06-12 09:28:11,-69,-69,Corridor,100.0
2026-06-12 09:28:15,-69,-70,Corridor,100.0
2026-06-12 09:28:20,-68,-72,Corridor,100.0
2026-06-12 09:28:24,-68,-71,Corridor,100.0
2026-06-12 09:28:28,-69,-71,Corridor,100.0
2026-06-12 09:28:33,-71,-72,Corridor,100.0
2026-06-12 09:28:37,-72,-72,Corridor,100.0
2026-06-12 09:28:41,-72,-73,Corridor,100.0
2026-06-12 09:28:45,-72,-73,Corridor,100.0
2026-06-12 09:28:50,-71,-73,Corridor,100.0
2026-06-12 09:28:54,-70,-73,Corridor,100.0
2026-06-12 09:28:58,-69,-73,Corridor,100.0
2026-06-12 09:29:03,-69,-72,Corridor,100.0
2026-06-12 09:29:07,-68,-71,Corridor,100.0
2026-06-12 09:29:11,-68,-71,Corridor,100.0
2026-06-12 09:29:16,-68,-71,Corridor,100.0
2026-06-12 09:29:20,-69,-71,Corridor,100.0
2026-06-12 09:29:24,-70,-70,Corridor,100.0
2026-06-12 09:29:29,-70,-70,Corridor,100.0
2026-06-12 09:29:33,-69,-70,Corridor,100.0
2026-06-12 09:29:37,-69,-69,Corridor,100.0
2026-06-12 09:29:42,-69,-69,Corridor,100.0
2026-06-12 09:29:46,-69,-69,Corridor,100.0
2026-06-12 09:29:50,-70,-68,Corridor,100.0
2026-06-12 09:29:55,-70,-68,Corridor,100.0
2026-06-12 09:29:59,-70,-69,Corridor,100.0
2026-06-12 09:30:03,-70,-68,Corridor,100.0
2026-06-12 09:30:07,-70,-68,Corridor,100.0
2026-06-12 09:30:12,-70,-68,Corridor,100.0
2026-06-12 09:30:16,-69,-68,Corridor,100.0
2026-06-12 09:30:20,-69,-68,Corridor,100.0
2026-06-12 09:30:25,-69,-68,Corridor,100.0
2026-06-12 09:30:29,-68,-68,Corridor,100.0
2026-06-12 09:30:33,-68,-68,Corridor,100.0
2026-06-12 09:30:38,-68,-69,Corridor,100.0
2026-06-12 09:30:42,-68,-69,Corridor,100.0
2026-06-12 09:30:46,-68,-69,Corridor,100.0
2026-06-12 09:30:51,-69,-71,Corridor,100.0
2026-06-12 09:30:55,-70,-71,Corridor,100.0
2026-06-12 09:30:59,-71,-70,Corridor,100.0
2026-06-12 09:31:04,-72,-70,Corridor,100.0
2026-06-12 09:31:08,-73,-69,Corridor,100.0
2026-06-12 09:31:12,-73,-68,Corridor,100.0
2026-06-12 09:31:17,-73,-69,Corridor,100.0
2026-06-12 09:31:21,-73,-69,Corridor,100.0
2026-06-12 09:31:25,-73,-69,Corridor,100.0
2026-06-12 09:31:30,-75,-69,Corridor,100.0
2026-06-12 09:31:34,-76,-68,Corridor,100.0
2026-06-12 09:31:38,-76,-68,Corridor,100.0
2026-06-12 09:31:43,-79,-68,Corridor,66.7
2026-06-12 09:31:47,-80,-68,Room102,66.7
2026-06-12 09:31:51,-81,-68,Room102,66.7
2026-06-12 09:31:55,-79,-69,Corridor,66.7
2026-06-12 09:32:00,-79,-70,Corridor,100.0
2026-06-12 09:32:04,-80,-70,Corridor,66.7
2026-06-12 09:32:08,-80,-71,Corridor,100.0
2026-06-12 09:32:13,-81,-73,Corridor,100.0
2026-06-12 09:32:17,-84,-77,Corridor,100.0
2026-06-12 09:32:21,-87,-79,Corridor,66.7
2026-06-12 09:32:26,-89,-83,Corridor,100.0
2026-06-12 09:32:30,-91,-80,Room102,66.7
2026-06-12 09:32:34,-92,-79,Room102,66.7
2026-06-12 09:32:39,-93,-77,Room102,100.0
2026-06-12 09:32:43,-94,-80,Room102,66.7
2026-06-12 09:32:47,-94,-81,Room102,66.7
2026-06-12 09:32:52,-94,-84,Corridor,66.7
2026-06-12 09:32:56,-95,-84,Room102,66.7
2026-06-12 09:33:00,-95,-82,Room102,66.7
2026-06-12 09:33:05,-95,-84,Room102,66.7
2026-06-12 09:33:09,-95,-86,Corridor,66.7
2026-06-12 09:33:13,-95,-88,Corridor,66.7
2026-06-12 09:33:17,-95,-89,Corridor,66.7
2026-06-12 09:33:22,-95,-88,Corridor,66.7
2026-06-12 09:33:26,-95,-83,Room102,66.7
2026-06-12 09:33:30,-95,-79,Room102,100.0
2026-06-12 09:33:35,-95,-75,Room102,100.0
2026-06-12 09:33:39,-95,-75,Room102,100.0
2026-06-12 09:33:43,-95,-73,Room102,100.0
2026-06-12 09:33:48,-96,-71,Room102,100.0
2026-06-12 09:33:52,-95,-70,Room102,100.0
2026-06-12 09:33:56,-95,-69,Room102,100.0
2026-06-12 09:34:01,-95,-68,Room102,100.0
2026-06-12 09:34:05,-95,-68,Room102,100.0
2026-06-12 09:34:09,-95,-68,Room102,100.0
2026-06-12 09:34:14,-95,-68,Room102,100.0
2026-06-12 09:34:18,-94,-67,Room102,100.0
2026-06-12 09:34:22,-88,-67,Room102,100.0
2026-06-12 09:34:27,-86,-67,Room102,100.0
2026-06-12 09:34:31,-84,-67,Room102,100.0
2026-06-12 09:34:35,-83,-66,Room102,100.0
2026-06-12 09:34:40,-83,-66,Room102,100.0
2026-06-12 09:34:44,-82,-66,Room102,100.0
2026-06-12 09:34:48,-81,-67,Room102,100.0
2026-06-12 09:34:52,-81,-66,Room102,100.0
2026-06-12 09:34:57,-80,-65,Room102,100.0
2026-06-12 09:35:01,-79,-65,Room102,100.0
2026-06-12 09:35:05,-80,-65,Room102,100.0
2026-06-12 09:35:10,-79,-65,Room102,100.0
2026-06-12 09:35:14,-79,-65,Room102,100.0
2026-06-12 09:35:18,-77,-67,Corridor,100.0
2026-06-12 09:35:23,-74,-66,Corridor,100.0
2026-06-12 09:35:27,-72,-66,Corridor,100.0
2026-06-12 09:35:31,-70,-66,Corridor,100.0
2026-06-12 09:35:36,-68,-66,Corridor,100.0
2026-06-12 09:35:40,-68,-66,Corridor,100.0
2026-06-12 09:35:44,-68,-67,Corridor,100.0
2026-06-12 09:35:49,-67,-67,Corridor,100.0
2026-06-12 09:35:53,-67,-67,Corridor,100.0
2026-06-12 09:35:57,-67,-66,Corridor,100.0
2026-06-12 09:36:02,-67,-67,Corridor,100.0
2026-06-12 09:36:06,-67,-67,Corridor,100.0
2026-06-12 09:36:10,-66,-67,Corridor,100.0
2026-06-12 09:36:15,-66,-67,Corridor,100.0
2026-06-12 09:36:19,-66,-67,Corridor,100.0
2026-06-12 09:36:23,-66,-67,Corridor,100.0
2026-06-12 09:36:27,-66,-66,Corridor,100.0
2026-06-12 09:36:32,-66,-66,Corridor,100.0
2026-06-12 09:36:36,-66,-66,Corridor,100.0
2026-06-12 09:36:40,-67,-66,Corridor,100.0
2026-06-12 09:36:45,-66,-66,Corridor,100.0
2026-06-12 09:36:49,-66,-66,Corridor,100.0
2026-06-12 09:36:53,-66,-67,Corridor,100.0
2026-06-12 09:36:58,-66,-67,Corridor,100.0
2026-06-12 09:37:02,-66,-67,Corridor,100.0
2026-06-12 09:37:06,-66,-66,Corridor,100.0
2026-06-12 09:37:11,-66,-67,Corridor,100.0
2026-06-12 09:37:15,-65,-68,Corridor,100.0
2026-06-12 09:37:19,-65,-67,Corridor,100.0
2026-06-12 09:37:24,-65,-67,Corridor,100.0
2026-06-12 09:37:28,-66,-67,Corridor,100.0
2026-06-12 09:37:32,-65,-67,Corridor,100.0
2026-06-12 09:37:37,-65,-68,Corridor,100.0
2026-06-12 09:37:41,-65,-68,Corridor,100.0
2026-06-12 09:37:45,-66,-67,Corridor,100.0
2026-06-12 09:37:49,-66,-67,Corridor,100.0
2026-06-12 09:37:54,-66,-67,Corridor,100.0
2026-06-12 09:37:58,-66,-66,Corridor,100.0
2026-06-12 09:38:02,-66,-67,Corridor,100.0
2026-06-12 09:38:07,-66,-67,Corridor,100.0
2026-06-12 09:38:11,-65,-66,Corridor,100.0
2026-06-12 09:38:15,-66,-67,Corridor,100.0
2026-06-12 09:38:20,-65,-67,Corridor,100.0
2026-06-12 09:38:24,-65,-68,Corridor,100.0
2026-06-12 09:38:28,-64,-69,Corridor,100.0
2026-06-12 09:38:33,-64,-68,Corridor,100.0
2026-06-12 09:38:37,-64,-68,Corridor,100.0
2026-06-12 09:38:41,-64,-67,Corridor,100.0
2026-06-12 09:38:46,-64,-68,Corridor,100.0
2026-06-12 09:38:50,-64,-69,Corridor,100.0
2026-06-12 09:38:54,-63,-68,Corridor,100.0
2026-06-12 09:38:59,-63,-68,Corridor,100.0
2026-06-12 09:39:03,-63,-67,Corridor,100.0
2026-06-12 09:39:07,-63,-67,Corridor,100.0
2026-06-12 09:39:11,-63,-67,Corridor,100.0
2026-06-12 09:39:16,-65,-67,Corridor,100.0
2026-06-12 09:39:20,-65,-67,Corridor,100.0
2026-06-12 09:39:24,-65,-67,Corridor,100.0
2026-06-12 09:39:29,-66,-66,Corridor,100.0
2026-06-12 09:39:33,-64,-67,Corridor,100.0
2026-06-12 09:39:37,-62,-67,Corridor,100.0
2026-06-12 09:39:42,-60,-66,Corridor,100.0
2026-06-12 09:39:46,-59,-68,Corridor,100.0
2026-06-12 09:39:55,-58,-67,Corridor,100.0
2026-06-12 09:39:59,-58,-67,Corridor,100.0
2026-06-12 09:40:03,-57,-67,Corridor,100.0
2026-06-12 09:40:08,-57,-66,Corridor,100.0
2026-06-12 09:40:12,-57,-66,Corridor,100.0
2026-06-12 09:40:16,-57,-67,Corridor,100.0
2026-06-12 09:40:21,-57,-67,Corridor,100.0
2026-06-12 09:40:25,-57,-67,Corridor,100.0
2026-06-12 09:40:29,-57,-67,Corridor,100.0
2026-06-12 09:40:34,-57,-67,Corridor,100.0
2026-06-12 09:40:38,-57,-66,Corridor,100.0
2026-06-12 09:40:42,-57,-67,Corridor,100.0
2026-06-12 09:40:46,-57,-67,Corridor,100.0
2026-06-12 09:40:51,-57,-66,Corridor,100.0
2026-06-12 09:40:55,-57,-66,Corridor,100.0
2026-06-12 09:40:59,-57,-67,Corridor,100.0
2026-06-12 09:41:04,-57,-67,Corridor,100.0
2026-06-12 09:41:08,-57,-67,Corridor,100.0
2026-06-12 09:41:12,-56,-67,Corridor,100.0
2026-06-12 09:41:17,-57,-67,Corridor,100.0
2026-06-12 09:41:21,-57,-67,Corridor,100.0
2026-06-12 09:41:25,-57,-67,Corridor,100.0
2026-06-12 09:41:30,-57,-68,Corridor,100.0
2026-06-12 09:41:34,-57,-67,Corridor,100.0
2026-06-12 09:41:38,-57,-68,Corridor,100.0
2026-06-12 09:41:43,-56,-68,Room101,100.0
2026-06-12 09:41:47,-56,-69,Room101,100.0
2026-06-12 09:41:51,-56,-69,Room101,100.0
2026-06-12 09:41:56,-56,-68,Room101,100.0
2026-06-12 09:42:00,-56,-68,Room101,100.0
2026-06-12 09:42:04,-56,-68,Room101,100.0
2026-06-12 09:42:09,-57,-68,Corridor,100.0
2026-06-12 09:42:13,-56,-68,Room101,100.0
2026-06-12 09:42:17,-56,-67,Corridor,100.0
2026-06-12 09:42:21,-56,-66,Corridor,100.0
2026-06-12 09:42:26,-56,-67,Corridor,100.0
2026-06-12 09:42:30,-56,-58,Corridor,100.0
2026-06-12 09:42:34,-56,-52,Corridor,100.0
2026-06-12 09:42:39,-56,-55,Corridor,100.0
2026-06-12 09:42:43,-56,-59,Corridor,100.0
2026-06-12 09:42:47,-57,-58,Corridor,100.0
2026-06-12 09:42:52,-57,-56,Corridor,100.0
2026-06-12 09:42:56,-60,-57,Corridor,100.0
2026-06-12 09:43:00,-64,-60,Corridor,100.0
2026-06-12 09:43:05,-67,-63,Corridor,100.0
2026-06-12 09:43:09,-71,-65,Corridor,100.0
2026-06-12 09:43:13,-74,-67,Corridor,100.0
2026-06-12 09:43:18,-77,-65,Room102,66.7
2026-06-12 09:43:22,-79,-63,Room102,100.0
2026-06-12 09:43:26,-79,-62,Room102,100.0
2026-06-12 09:43:31,-79,-62,Room102,100.0
2026-06-12 09:43:35,-79,-60,Room102,100.0
2026-06-12 09:43:39,-80,-60,Room102,100.0
2026-06-12 09:43:44,-82,-59,Room102,100.0
2026-06-12 09:43:48,-80,-58,Room102,100.0
2026-06-12 09:43:52,-79,-59,Room102,100.0
2026-06-12 09:43:56,-78,-59,Room102,100.0
2026-06-12 09:44:01,-81,-59,Room102,100.0
2026-06-12 09:44:05,-82,-59,Room102,100.0
2026-06-12 09:44:09,-81,-59,Room102,100.0
2026-06-12 09:44:14,-80,-59,Room102,100.0
2026-06-12 09:44:18,-80,-60,Room102,100.0
2026-06-12 09:44:22,-82,-60,Room102,100.0
2026-06-12 09:44:27,-81,-60,Room102,100.0
2026-06-12 09:44:31,-81,-61,Room102,100.0
2026-06-12 09:44:35,-80,-60,Room102,100.0
2026-06-12 09:44:40,-80,-60,Room102,100.0
2026-06-12 09:44:44,-80,-60,Room102,100.0
2026-06-12 09:44:48,-81,-60,Room102,100.0
2026-06-12 09:44:53,-82,-60,Room102,100.0
2026-06-12 09:44:57,-83,-60,Room102,100.0
2026-06-12 09:45:01,-85,-60,Room102,100.0
2026-06-12 09:45:06,-83,-60,Room102,100.0
2026-06-12 09:45:10,-83,-60,Room102,100.0
2026-06-12 09:45:14,-82,-59,Room102,100.0
2026-06-12 09:45:19,-81,-59,Room102,100.0
2026-06-12 09:45:23,-80,-60,Room102,100.0
2026-06-12 09:45:27,-79,-60,Room102,100.0
2026-06-12 09:45:31,-79,-59,Room102,100.0
2026-06-12 09:45:36,-77,-58,Room102,100.0
2026-06-12 09:45:40,-74,-58,Room102,100.0
2026-06-12 09:45:44,-73,-58,Room102,100.0
2026-06-12 09:45:49,-71,-58,Room102,100.0
2026-06-12 09:45:53,-71,-58,Room102,100.0
2026-06-12 09:45:57,-70,-58,Corridor,100.0
2026-06-12 09:46:02,-69,-58,Corridor,100.0
2026-06-12 09:46:06,-69,-57,Corridor,100.0
2026-06-12 09:46:10,-68,-56,Corridor,100.0
2026-06-12 09:46:15,-68,-56,Corridor,100.0
2026-06-12 09:46:19,-68,-56,Corridor,100.0
2026-06-12 09:46:23,-68,-56,Corridor,100.0
2026-06-12 09:46:28,-68,-55,Room102,100.0
2026-06-12 09:46:32,-69,-54,Room102,100.0
2026-06-12 09:46:36,-69,-54,Room102,100.0
2026-06-12 09:46:41,-69,-54,Room102,100.0
2026-06-12 09:46:45,-71,-54,Room102,100.0
2026-06-12 09:46:49,-72,-54,Room102,100.0
2026-06-12 09:46:53,-72,-55,Room102,100.0
2026-06-12 09:46:58,-73,-55,Room102,100.0
2026-06-12 09:47:02,-73,-55,Room102,100.0
2026-06-12 09:47:06,-73,-55,Room102,100.0
2026-06-12 09:47:11,-74,-55,Room102,100.0
2026-06-12 09:47:15,-73,-55,Room102,100.0
2026-06-12 09:47:19,-74,-55,Room102,100.0
2026-06-12 09:47:24,-74,-55,Room102,100.0
2026-06-12 09:47:28,-74,-55,Room102,100.0
2026-06-12 09:47:32,-74,-55,Room102,100.0
2026-06-12 09:47:37,-74,-55,Room102,100.0
2026-06-12 09:47:41,-74,-55,Room102,100.0
2026-06-12 09:47:45,-74,-55,Room102,100.0
2026-06-12 09:47:50,-74,-55,Room102,100.0
2026-06-12 09:47:54,-74,-55,Room102,100.0
2026-06-12 09:47:58,-74,-55,Room102,100.0
2026-06-12 09:48:03,-74,-55,Room102,100.0
2026-06-12 09:48:07,-74,-55,Room102,100.0
2026-06-12 09:48:11,-74,-55,Room102,100.0
2026-06-12 09:48:16,-75,-55,Room102,100.0
2026-06-12 09:48:20,-75,-55,Room102,100.0
2026-06-12 09:48:24,-74,-55,Room102,100.0
2026-06-12 09:48:28,-75,-55,Room102,100.0
2026-06-12 09:48:33,-75,-55,Room102,100.0
2026-06-12 09:48:37,-76,-55,Room102,100.0
2026-06-12 09:48:41,-76,-55,Room102,100.0
2026-06-12 09:48:46,-76,-55,Room102,100.0
2026-06-12 09:48:50,-75,-55,Room102,100.0
2026-06-12 09:48:54,-76,-54,Room102,100.0
2026-06-12 09:48:59,-76,-54,Room102,100.0
2026-06-12 09:49:03,-76,-55,Room102,100.0
2026-06-12 09:49:07,-76,-55,Room102,100.0
2026-06-12 09:49:12,-76,-55,Room102,100.0
2026-06-12 09:49:16,-75,-55,Room102,100.0
2026-06-12 09:49:20,-75,-56,Room102,100.0
2026-06-12 09:49:25,-75,-57,Room102,100.0
2026-06-12 09:49:29,-74,-57,Room102,100.0
2026-06-12 09:49:33,-74,-57,Room102,100.0
2026-06-12 09:49:38,-74,-58,Room102,100.0
2026-06-12 09:49:42,-73,-58,Room102,100.0
2026-06-12 09:49:46,-73,-59,Room102,100.0
2026-06-12 09:49:50,-73,-59,Room102,100.0
2026-06-12 09:49:55,-74,-58,Room102,100.0
2026-06-12 09:49:59,-74,-58,Room102,100.0
2026-06-12 09:50:03,-73,-59,Room102,100.0
2026-06-12 09:50:08,-71,-59,Corridor,100.0
2026-06-12 09:50:12,-71,-59,Corridor,100.0
2026-06-12 09:50:16,-73,-59,Room102,100.0
2026-06-12 09:50:21,-74,-59,Room102,100.0
2026-06-12 09:50:25,-74,-59,Room102,100.0
2026-06-12 09:50:29,-73,-58,Room102,100.0
2026-06-12 09:50:34,-73,-58,Room102,100.0
2026-06-12 09:50:38,-74,-58,Room102,100.0
2026-06-12 09:50:42,-74,-59,Room102,100.0
2026-06-12 09:50:47,-74,-58,Room102,100.0
2026-06-12 09:50:51,-74,-58,Room102,100.0
2026-06-12 09:50:55,-75,-58,Room102,100.0
2026-06-12 09:51:00,-75,-58,Room102,100.0
2026-06-12 09:51:04,-76,-57,Room102,100.0
2026-06-12 09:51:08,-76,-57,Room102,100.0
2026-06-12 09:51:13,-77,-58,Room102,100.0
2026-06-12 09:51:17,-75,-58,Room102,100.0
2026-06-12 09:51:21,-77,-58,Room102,100.0
2026-06-12 09:51:25,-80,-58,Room102,100.0
2026-06-12 09:51:30,-82,-58,Room102,100.0
2026-06-12 09:51:34,-84,-58,Room102,100.0
2026-06-12 09:51:38,-83,-58,Room102,100.0
2026-06-12 09:51:43,-84,-58,Room102,100.0
2026-06-12 09:51:47,-84,-58,Room102,100.0
2026-06-12 09:51:51,-84,-58,Room102,100.0
2026-06-12 09:51:56,-84,-59,Room102,100.0
2026-06-12 09:52:00,-82,-59,Room102,100.0
2026-06-12 09:52:04,-82,-59,Room102,100.0
2026-06-12 09:52:09,-82,-59,Room102,100.0
2026-06-12 09:52:13,-83,-59,Room102,100.0
2026-06-12 09:52:17,-83,-59,Room102,100.0
2026-06-12 09:52:22,-83,-59,Room102,100.0
2026-06-12 09:52:26,-83,-59,Room102,100.0
2026-06-12 09:52:30,-83,-59,Room102,100.0
2026-06-12 09:52:35,-84,-59,Room102,100.0
2026-06-12 09:52:39,-84,-59,Room102,100.0
2026-06-12 09:52:43,-84,-58,Room102,100.0
2026-06-12 09:52:48,-85,-59,Room102,100.0
2026-06-12 09:52:52,-85,-59,Room102,100.0
2026-06-12 09:52:56,-84,-59,Room102,100.0
2026-06-12 09:53:00,-84,-59,Room102,100.0
2026-06-12 09:53:05,-83,-59,Room102,100.0
2026-06-12 09:53:09,-83,-59,Room102,100.0
2026-06-12 09:53:13,-83,-60,Room102,100.0
2026-06-12 09:53:18,-84,-59,Room102,100.0
2026-06-12 09:53:22,-83,-59,Room102,100.0
2026-06-12 09:53:26,-84,-59,Room102,100.0
2026-06-12 09:53:31,-84,-59,Room102,100.0
2026-06-12 09:53:35,-82,-59,Room102,100.0
2026-06-12 09:53:39,-79,-59,Room102,100.0
2026-06-12 09:53:44,-78,-58,Room102,100.0
2026-06-12 09:53:48,-80,-58,Room102,100.0
2026-06-12 09:53:52,-80,-58,Room102,100.0
2026-06-12 09:53:57,-80,-58,Room102,100.0
2026-06-12 09:54:01,-81,-58,Room102,100.0
2026-06-12 09:54:05,-77,-58,Room102,100.0
2026-06-12 09:54:10,-75,-58,Room102,100.0
2026-06-12 09:54:14,-75,-57,Room102,100.0
2026-06-12 09:54:18,-75,-57,Room102,100.0
2026-06-12 09:54:22,-78,-58,Room102,100.0
2026-06-12 09:54:27,-79,-59,Room102,100.0
2026-06-12 09:54:31,-79,-60,Room102,100.0
2026-06-12 09:54:35,-81,-60,Room102,100.0
2026-06-12 09:54:40,-84,-60,Room102,100.0
2026-06-12 09:54:44,-84,-61,Room102,100.0
2026-06-12 09:54:48,-82,-60,Room102,100.0
2026-06-12 09:54:53,-80,-61,Room102,100.0
2026-06-12 09:54:57,-79,-60,Room102,100.0
2026-06-12 09:55:01,-77,-60,Room102,100.0
2026-06-12 09:55:06,-77,-60,Room102,100.0
2026-06-12 09:55:10,-77,-61,Room102,100.0
2026-06-12 09:55:14,-76,-61,Room102,100.0
2026-06-12 09:55:19,-76,-61,Room102,100.0
2026-06-12 09:55:23,-75,-61,Room102,100.0
2026-06-12 09:55:27,-75,-60,Room102,100.0
2026-06-12 09:55:32,-75,-60,Room102,100.0
2026-06-12 09:55:36,-77,-60,Room102,100.0
2026-06-12 09:55:40,-77,-60,Room102,100.0
2026-06-12 09:55:45,-77,-60,Room102,100.0
2026-06-12 09:55:49,-76,-60,Room102,100.0
2026-06-12 09:55:53,-77,-60,Room102,100.0
2026-06-12 09:55:57,-78,-60,Room102,100.0
2026-06-12 09:56:02,-80,-60,Room102,100.0
2026-06-12 09:56:06,-80,-60,Room102,100.0
2026-06-12 09:56:10,-80,-60,Room102,100.0
2026-06-12 09:56:15,-80,-60,Room102,100.0
2026-06-12 09:56:19,-78,-60,Room102,100.0
2026-06-12 09:56:23,-79,-59,Room102,100.0
2026-06-12 09:56:28,-79,-59,Room102,100.0
2026-06-12 09:56:32,-81,-59,Room102,100.0
2026-06-12 09:56:36,-80,-59,Room102,100.0
2026-06-12 09:56:41,-80,-60,Room102,100.0
2026-06-12 09:56:45,-78,-60,Room102,100.0
2026-06-12 09:56:49,-79,-60,Room102,100.0
2026-06-12 09:56:54,-80,-59,Room102,100.0
2026-06-12 09:56:58,-80,-58,Room102,100.0
2026-06-12 09:57:02,-82,-59,Room102,100.0
2026-06-12 09:57:07,-81,-59,Room102,100.0
2026-06-12 09:57:11,-81,-59,Room102,100.0
2026-06-12 09:57:15,-81,-59,Room102,100.0
2026-06-12 09:57:19,-79,-59,Room102,100.0
2026-06-12 09:57:24,-78,-59,Room102,100.0
2026-06-12 09:57:28,-75,-59,Room102,100.0
2026-06-12 09:57:32,-73,-59,Room102,100.0
2026-06-12 09:57:37,-75,-60,Room102,100.0
2026-06-12 09:57:41,-77,-60,Room102,100.0
2026-06-12 09:57:45,-77,-60,Room102,100.0
2026-06-12 09:57:50,-79,-60,Room102,100.0
2026-06-12 09:57:54,-77,-60,Room102,100.0
2026-06-12 09:57:58,-81,-59,Room102,100.0
2026-06-12 09:58:03,-84,-60,Room102,100.0
2026-06-12 09:58:07,-86,-60,Room102,100.0
2026-06-12 09:58:11,-88,-61,Room102,100.0
2026-06-12 09:58:16,-89,-63,Room102,100.0
2026-06-12 09:58:20,-90,-62,Room102,100.0
2026-06-12 09:58:24,-91,-61,Room102,100.0
2026-06-12 09:58:29,-90,-60,Room102,100.0
2026-06-12 09:58:33,-88,-59,Room102,100.0
2026-06-12 09:58:37,-88,-58,Room102,100.0
2026-06-12 09:58:42,-88,-57,Room102,100.0
2026-06-12 09:58:46,-89,-59,Room102,100.0
2026-06-12 09:58:50,-90,-63,Room102,100.0
2026-06-12 09:58:54,-91,-69,Room102,100.0
2026-06-12 09:58:59,-91,-72,Room102,100.0
2026-06-12 09:59:03,-90,-74,Room102,100.0
2026-06-12 09:59:07,-91,-77,Room102,66.7
2026-06-12 09:59:12,-92,-76,Room102,100.0
2026-06-12 09:59:16,-93,-77,Room102,100.0
2026-06-12 09:59:20,-94,-78,Room102,100.0
2026-06-12 09:59:25,-94,-78,Room102,100.0
2026-06-12 09:59:29,-95,-79,Room102,100.0
2026-06-12 09:59:33,-95,-83,Room102,66.7
2026-06-12 09:59:38,-96,-86,Corridor,66.7
2026-06-12 09:59:42,-94,-88,Corridor,66.7
2026-06-12 09:59:46,-93,-88,Corridor,100.0
2026-06-12 09:59:51,-93,-89,Corridor,100.0
2026-06-12 09:59:55,-94,-88,Corridor,66.7
2026-06-12 09:59:59,-94,-88,Corridor,66.7
2026-06-12 10:00:04,-94,-88,Corridor,66.7
2026-06-12 10:00:08,-95,-89,Corridor,66.7
2026-06-12 10:00:12,-91,-88,Corridor,100.0
2026-06-12 10:00:17,-88,-87,Corridor,100.0
2026-06-12 10:00:21,-86,-86,Corridor,100.0
2026-06-12 10:00:25,-88,-87,Corridor,100.0
2026-06-12 10:00:29,-87,-85,Corridor,100.0
2026-06-12 10:00:34,-85,-82,Corridor,100.0
2026-06-12 10:00:38,-83,-83,Corridor,100.0
2026-06-12 10:00:42,-83,-83,Corridor,100.0
2026-06-12 10:00:47,-81,-83,Corridor,100.0
2026-06-12 10:00:51,-80,-82,Corridor,100.0
2026-06-12 10:00:55,-79,-81,Corridor,100.0
2026-06-12 10:01:00,-77,-79,Corridor,100.0
2026-06-12 10:01:04,-79,-79,Corridor,100.0
2026-06-12 10:01:08,-82,-81,Corridor,100.0
2026-06-12 10:01:13,-85,-84,Corridor,100.0
2026-06-12 10:01:17,-87,-86,Corridor,100.0
2026-06-12 10:01:21,-89,-88,Corridor,100.0
2026-06-12 10:01:26,-90,-88,Corridor,100.0
2026-06-12 10:01:30,-91,-89,Corridor,100.0
2026-06-12 10:01:34,-92,-89,Corridor,100.0
2026-06-12 10:01:39,-93,-91,Corridor,100.0
2026-06-12 10:01:43,-93,-91,Corridor,100.0
2026-06-12 10:01:47,-93,-91,Corridor,100.0
2026-06-12 10:01:52,-92,-91,Corridor,100.0
2026-06-12 10:01:56,-93,-91,Corridor,100.0
2026-06-12 10:02:00,-94,-91,Corridor,100.0
2026-06-12 10:02:04,-94,-91,Corridor,100.0
2026-06-12 10:02:09,-94,-91,Corridor,100.0
2026-06-12 10:02:13,-95,-91,Corridor,100.0
2026-06-12 10:02:17,-95,-90,Corridor,100.0
2026-06-12 10:02:22,-95,-91,Corridor,100.0
2026-06-12 10:02:26,-95,-90,Corridor,100.0
2026-06-12 10:02:30,-95,-91,Corridor,100.0
2026-06-12 10:02:35,-96,-91,Corridor,66.7
2026-06-12 10:02:39,-96,-92,Corridor,100.0
2026-06-12 10:02:43,-95,-94,Corridor,100.0
2026-06-12 10:02:48,-94,-93,Corridor,100.0
2026-06-12 10:02:52,-95,-94,Corridor,100.0
2026-06-12 10:02:56,-95,-94,Corridor,100.0
2026-06-12 10:03:01,-95,-92,Corridor,100.0
2026-06-12 10:03:05,-95,-92,Corridor,100.0
2026-06-12 10:03:09,-96,-93,Corridor,100.0
2026-06-12 10:03:14,-96,-94,Corridor,100.0
2026-06-12 10:03:18,-96,-94,Corridor,100.0
2026-06-12 10:03:22,-96,-93,Corridor,100.0
2026-06-12 10:03:26,-92,-89,Corridor,100.0
2026-06-12 10:03:31,-90,-84,Corridor,100.0
2026-06-12 10:03:35,-89,-82,Corridor,66.7
2026-06-12 10:03:39,-88,-82,Corridor,100.0
2026-06-12 10:03:44,-88,-79,Corridor,66.7
2026-06-12 10:03:48,-89,-78,Room102,66.7
2026-06-12 10:03:52,-89,-76,Room102,66.7
2026-06-12 10:03:57,-88,-75,Room102,66.7
2026-06-12 10:04:01,-88,-74,Room102,100.0
2026-06-12 10:04:05,-88,-73,Room102,100.0
2026-06-12 10:04:10,-87,-73,Room102,100.0
2026-06-12 10:04:14,-87,-72,Room102,100.0
2026-06-12 10:04:18,-87,-72,Room102,100.0
2026-06-12 10:04:23,-86,-72,Room102,100.0
2026-06-12 10:04:27,-87,-72,Room102,100.0
2026-06-12 10:04:31,-87,-72,Room102,100.0
2026-06-12 10:04:36,-87,-72,Room102,100.0
2026-06-12 10:04:40,-87,-71,Room102,100.0
2026-06-12 10:04:44,-87,-73,Room102,100.0
2026-06-12 10:04:49,-89,-72,Room102,100.0
2026-06-12 10:04:53,-89,-72,Room102,100.0
2026-06-12 10:04:57,-89,-69,Room102,100.0
2026-06-12 10:34:25,-72,-67,Corridor,100.0
2026-06-12 10:34:47,-74,-63,Corridor,100.0
2026-06-12 10:34:51,-74,-63,Corridor,100.0
2026-06-12 10:34:56,-74,-63,Corridor,100.0
2026-06-12 10:35:00,-75,-63,Corridor,66.7
2026-06-12 10:35:04,-75,-63,Corridor,66.7
2026-06-12 10:35:09,-74,-63,Corridor,100.0
2026-06-12 10:35:13,-74,-63,Corridor,100.0
2026-06-12 10:35:17,-73,-62,Corridor,100.0
2026-06-12 10:35:22,-73,-61,Corridor,66.7
2026-06-12 10:35:26,-74,-62,Corridor,66.7
2026-06-12 10:35:30,-74,-63,Corridor,100.0
2026-06-12 10:35:35,-74,-62,Corridor,66.7
2026-06-12 10:35:39,-73,-61,Corridor,66.7
2026-06-12 10:35:43,-76,-58,Room102,100.0
2026-06-12 10:35:48,-80,-55,Room102,100.0
2026-06-12 10:35:52,-79,-54,Room102,100.0
2026-06-12 10:35:56,-78,-54,Room102,100.0
2026-06-12 10:36:00,-77,-57,Room102,100.0
2026-06-12 10:36:05,-76,-65,Corridor,66.7
2026-06-12 10:36:09,-75,-65,Corridor,100.0
2026-06-12 10:36:13,-75,-62,Room102,100.0
2026-06-12 10:36:18,-74,-59,Room102,100.0
2026-06-12 10:36:22,-73,-57,Room102,100.0
2026-06-12 10:36:26,-73,-56,Room102,100.0
2026-06-12 10:36:31,-73,-55,Room102,100.0
2026-06-12 10:36:35,-73,-54,Room102,100.0
2026-06-12 10:36:39,-72,-53,Room102,100.0
2026-06-12 10:36:44,-72,-53,Room102,100.0
2026-06-12 10:36:48,-72,-53,Room102,100.0
2026-06-12 10:36:52,-73,-53,Room102,100.0
2026-06-12 10:36:57,-72,-53,Room102,100.0
2026-06-12 10:37:01,-72,-53,Room102,100.0
2026-06-12 10:37:05,-72,-53,Room102,100.0
2026-06-12 10:37:10,-72,-53,Room102,100.0
2026-06-12 10:37:14,-72,-52,Room102,100.0
2026-06-12 10:37:18,-72,-52,Room102,100.0
2026-06-12 10:37:23,-72,-52,Room102,100.0
2026-06-12 10:37:27,-72,-52,Room102,100.0
2026-06-12 10:37:31,-72,-52,Room102,100.0
2026-06-12 10:37:35,-72,-52,Room102,100.0
2026-06-12 10:37:40,-72,-52,Room102,100.0
2026-06-12 10:37:44,-73,-52,Room102,100.0
2026-06-12 10:37:48,-73,-52,Room102,100.0
2026-06-12 10:37:53,-73,-52,Room102,100.0
2026-06-12 10:37:57,-73,-52,Room102,100.0
2026-06-12 10:38:01,-73,-52,Room102,100.0
2026-06-12 10:38:06,-73,-52,Room102,100.0
2026-06-12 10:38:10,-73,-52,Room102,100.0
2026-06-12 10:38:14,-73,-52,Room102,100.0
2026-06-12 10:38:19,-73,-52,Room102,100.0
2026-06-12 10:38:23,-73,-52,Room102,100.0
2026-06-12 10:38:27,-72,-52,Room102,100.0
2026-06-12 10:38:32,-72,-52,Room102,100.0
2026-06-12 10:38:36,-72,-52,Room102,100.0
2026-06-12 10:38:40,-72,-52,Room102,100.0
2026-06-12 10:38:45,-71,-52,Room102,100.0
2026-06-12 10:38:49,-72,-52,Room102,100.0
2026-06-12 10:38:53,-71,-52,Room102,100.0
2026-06-12 10:38:57,-72,-52,Room102,100.0
2026-06-12 10:39:02,-72,-52,Room102,100.0
2026-06-12 10:39:06,-71,-52,Room102,100.0
2026-06-12 10:39:10,-71,-52,Room102,100.0
2026-06-12 10:39:15,-72,-52,Room102,100.0
2026-06-12 10:39:19,-72,-52,Room102,100.0
2026-06-12 10:39:23,-72,-52,Room102,100.0
2026-06-12 10:39:28,-72,-52,Room102,100.0
2026-06-12 10:39:32,-74,-52,Room102,100.0
2026-06-12 10:39:36,-73,-52,Room102,100.0
2026-06-12 10:39:41,-74,-52,Room102,100.0
2026-06-12 10:39:45,-73,-52,Room102,100.0
2026-06-12 10:39:49,-73,-52,Room102,100.0
2026-06-12 10:39:54,-73,-52,Room102,100.0
2026-06-12 10:39:58,-73,-52,Room102,100.0
2026-06-12 10:40:02,-73,-52,Room102,100.0
2026-06-12 10:40:07,-72,-52,Room102,100.0
2026-06-12 10:40:11,-72,-52,Room102,100.0
2026-06-12 10:40:15,-73,-52,Room102,100.0
2026-06-12 10:40:20,-74,-52,Room102,100.0
2026-06-12 10:40:24,-74,-52,Room102,100.0
2026-06-12 10:40:28,-73,-52,Room102,100.0
2026-06-12 10:40:32,-73,-52,Room102,100.0
2026-06-12 10:40:37,-72,-52,Room102,100.0
2026-06-12 10:40:41,-72,-52,Room102,100.0
2026-06-12 10:40:45,-72,-55,Room102,100.0
2026-06-12 10:40:50,-75,-55,Room102,100.0
2026-06-12 10:40:54,-74,-53,Room102,100.0
2026-06-12 10:40:58,-75,-53,Room102,100.0
2026-06-12 10:41:03,-74,-52,Room102,100.0
2026-06-12 10:41:07,-74,-51,Room102,100.0
2026-06-12 10:41:11,-74,-51,Room102,100.0
2026-06-12 10:41:16,-75,-51,Room102,100.0
2026-06-12 10:41:20,-75,-51,Room102,100.0
2026-06-12 10:41:24,-75,-50,Room102,100.0
2026-06-12 10:41:29,-77,-50,Room102,100.0
2026-06-12 10:41:33,-76,-50,Room102,100.0
2026-06-12 10:41:37,-75,-50,Room102,100.0
2026-06-12 10:41:42,-74,-50,Room102,100.0
2026-06-12 10:41:46,-75,-50,Room102,100.0
2026-06-12 10:41:50,-75,-50,Room102,100.0
2026-06-12 10:41:54,-75,-50,Room102,100.0
2026-06-12 10:41:59,-75,-50,Room102,100.0
2026-06-12 10:42:03,-75,-50,Room102,100.0
2026-06-12 10:42:07,-74,-50,Room102,100.0
2026-06-12 10:42:12,-74,-50,Room102,100.0
2026-06-12 10:42:16,-73,-50,Room102,100.0
2026-06-12 10:42:20,-73,-50,Room102,100.0
2026-06-12 10:42:25,-73,-50,Room102,100.0
2026-06-12 10:42:29,-73,-50,Room102,100.0
2026-06-12 10:42:33,-73,-50,Room102,100.0
2026-06-12 10:42:38,-73,-50,Room102,100.0
2026-06-12 10:42:42,-72,-50,Room102,100.0
2026-06-12 10:42:46,-72,-50,Room102,100.0
2026-06-12 10:42:51,-72,-50,Room102,100.0
2026-06-12 10:42:55,-73,-50,Room102,100.0
2026-06-12 10:42:59,-76,-50,Room102,100.0
2026-06-12 10:43:04,-79,-51,Room102,100.0
2026-06-12 10:43:08,-77,-48,Room102,100.0
2026-06-12 10:43:12,-76,-47,Room102,100.0
2026-06-12 10:43:17,-74,-46,Room102,100.0
2026-06-12 10:43:21,-73,-45,Room102,100.0
2026-06-12 10:43:25,-73,-45,Room102,100.0
2026-06-12 10:43:29,-73,-44,Room102,100.0
2026-06-12 10:43:34,-72,-44,Room102,100.0
2026-06-12 10:43:38,-72,-43,Room102,100.0
2026-06-12 10:43:42,-72,-43,Room102,100.0
2026-06-12 10:43:47,-72,-43,Room102,100.0
2026-06-12 10:43:51,-72,-43,Room102,100.0
2026-06-12 10:43:55,-72,-43,Room102,100.0
2026-06-12 10:44:00,-72,-43,Room102,100.0
2026-06-12 10:44:04,-72,-42,Room102,100.0
2026-06-12 10:44:08,-72,-42,Room102,100.0
2026-06-12 10:44:13,-72,-42,Room102,100.0
2026-06-12 10:44:17,-72,-43,Room102,100.0
2026-06-12 10:44:21,-72,-43,Room102,100.0
2026-06-12 10:44:26,-72,-42,Room102,100.0
2026-06-12 10:44:30,-71,-42,Room102,100.0
2026-06-12 10:44:34,-71,-42,Room102,100.0
2026-06-12 10:44:39,-70,-42,Room102,100.0
2026-06-12 10:44:43,-70,-42,Room102,100.0
2026-06-12 10:44:47,-70,-42,Room102,100.0
2026-06-12 10:44:52,-70,-43,Room102,100.0
2026-06-12 10:44:56,-70,-43,Room102,100.0
2026-06-12 10:45:00,-69,-42,Room102,100.0
2026-06-12 10:45:04,-69,-42,Room102,100.0
2026-06-12 10:45:09,-69,-42,Room102,100.0
2026-06-12 10:45:13,-69,-42,Room102,100.0
2026-06-12 10:45:17,-69,-42,Room102,100.0
2026-06-12 10:45:22,-70,-42,Room102,100.0
2026-06-12 10:45:26,-70,-42,Room102,100.0
2026-06-12 10:45:30,-70,-43,Room102,100.0
2026-06-12 10:45:35,-70,-42,Room102,100.0
2026-06-12 10:45:39,-70,-42,Room102,100.0
2026-06-12 10:45:43,-71,-42,Room102,100.0
2026-06-12 10:45:48,-71,-42,Room102,100.0
2026-06-12 10:45:52,-71,-42,Room102,100.0
2026-06-12 10:45:56,-71,-42,Room102,100.0
2026-06-12 10:46:01,-71,-42,Room102,100.0
2026-06-12 10:46:05,-71,-42,Room102,100.0
2026-06-12 10:46:09,-71,-42,Room102,100.0
2026-06-12 10:46:14,-71,-43,Room102,100.0
2026-06-12 10:46:18,-71,-42,Room102,100.0
2026-06-12 10:46:22,-70,-42,Room102,100.0
2026-06-12 10:46:26,-70,-43,Room102,100.0
2026-06-12 10:46:31,-70,-42,Room102,100.0
2026-06-12 10:46:35,-70,-42,Room102,100.0
2026-06-12 10:46:39,-70,-42,Room102,100.0
2026-06-12 10:46:44,-70,-42,Room102,100.0
2026-06-12 10:46:48,-70,-42,Room102,100.0
2026-06-12 10:46:52,-70,-42,Room102,100.0
2026-06-12 10:46:57,-70,-42,Room102,100.0
2026-06-12 10:47:01,-70,-42,Room102,100.0
2026-06-12 10:47:05,-70,-42,Room102,100.0
2026-06-12 10:47:10,-70,-43,Room102,100.0
2026-06-12 10:47:14,-70,-43,Room102,100.0
2026-06-12 10:47:18,-70,-42,Room102,100.0
2026-06-12 10:47:23,-70,-42,Room102,100.0
2026-06-12 10:47:27,-70,-43,Room102,100.0
2026-06-12 10:47:31,-70,-43,Room102,100.0
2026-06-12 10:47:36,-70,-43,Room102,100.0
2026-06-12 10:47:40,-70,-43,Room102,100.0
2026-06-12 10:47:44,-70,-43,Room102,100.0
2026-06-12 10:47:49,-70,-43,Room102,100.0
2026-06-12 10:47:53,-70,-43,Room102,100.0
2026-06-12 10:47:57,-70,-43,Room102,100.0
2026-06-12 10:48:01,-69,-42,Room102,100.0
2026-06-12 10:48:06,-70,-42,Room102,100.0
2026-06-12 10:48:10,-70,-42,Room102,100.0
2026-06-12 10:48:14,-70,-42,Room102,100.0
2026-06-12 10:48:19,-70,-42,Room102,100.0
2026-06-12 10:48:23,-70,-43,Room102,100.0
2026-06-12 10:48:27,-70,-42,Room102,100.0
2026-06-12 10:48:32,-70,-42,Room102,100.0
2026-06-12 10:48:36,-70,-43,Room102,100.0
2026-06-12 10:48:40,-70,-43,Room102,100.0
2026-06-12 10:48:45,-71,-43,Room102,100.0
2026-06-12 10:48:49,-71,-43,Room102,100.0
2026-06-12 10:48:53,-71,-43,Room102,100.0
2026-06-12 10:48:58,-70,-42,Room102,100.0
2026-06-12 10:49:02,-70,-42,Room102,100.0
2026-06-12 10:49:06,-70,-42,Room102,100.0
2026-06-12 10:49:11,-70,-43,Room102,100.0
2026-06-12 10:49:15,-70,-43,Room102,100.0
2026-06-12 10:49:19,-70,-43,Room102,100.0
2026-06-12 10:49:23,-71,-43,Room102,100.0
2026-06-12 10:49:28,-70,-43,Room102,100.0
2026-06-12 10:49:32,-70,-42,Room102,100.0
2026-06-12 10:49:36,-69,-42,Room102,100.0
2026-06-12 10:49:41,-69,-42,Room102,100.0
2026-06-12 10:49:45,-70,-42,Room102,100.0
2026-06-12 10:49:49,-70,-43,Room102,100.0
2026-06-12 10:49:54,-70,-42,Room102,100.0
2026-06-12 10:49:58,-70,-43,Room102,100.0
2026-06-12 10:50:02,-69,-43,Room102,100.0
2026-06-12 10:50:07,-69,-42,Room102,100.0
2026-06-12 10:50:11,-69,-43,Room102,100.0
2026-06-12 10:50:15,-69,-43,Room102,100.0
2026-06-12 10:50:20,-69,-43,Room102,100.0
2026-06-12 10:50:24,-69,-43,Room102,100.0
2026-06-12 10:50:28,-69,-43,Room102,100.0
2026-06-12 10:50:33,-70,-43,Room102,100.0
2026-06-12 10:50:37,-69,-43,Room102,100.0
2026-06-12 10:50:41,-69,-43,Room102,100.0
2026-06-12 10:50:46,-69,-43,Room102,100.0
2026-06-12 10:50:50,-70,-45,Room102,100.0
2026-06-12 10:50:54,-73,-52,Room102,100.0
2026-06-12 10:50:58,-74,-55,Room102,100.0
2026-06-12 10:51:03,-78,-62,Room102,100.0
2026-06-12 10:51:07,-81,-70,Corridor,66.7
2026-06-12 10:51:11,-82,-71,Corridor,66.7
2026-06-12 10:51:16,-85,-77,Corridor,100.0
2026-06-12 10:51:20,-85,-81,Corridor,100.0
2026-06-12 10:51:24,-87,-84,Corridor,100.0
2026-06-12 10:51:29,-87,-84,Corridor,100.0
2026-06-12 10:51:33,-88,-84,Corridor,100.0
2026-06-12 10:51:37,-88,-85,Corridor,100.0
2026-06-12 10:51:42,-88,-85,Corridor,100.0
2026-06-12 10:51:46,-85,-84,Corridor,100.0
2026-06-12 10:51:50,-88,-86,Corridor,100.0
2026-06-12 10:51:55,-89,-86,Corridor,100.0
2026-06-12 10:51:59,-88,-87,Corridor,100.0
2026-06-12 10:52:03,-86,-86,Corridor,100.0
2026-06-12 10:52:08,-86,-86,Corridor,100.0
2026-06-12 10:52:12,-86,-86,Corridor,100.0
2026-06-12 10:52:16,-87,-84,Corridor,100.0
2026-06-12 10:52:21,-86,-84,Corridor,100.0
2026-06-12 10:52:25,-87,-82,Corridor,100.0
2026-06-12 10:52:29,-87,-83,Corridor,100.0
2026-06-12 10:52:33,-87,-81,Corridor,100.0
2026-06-12 10:52:38,-88,-83,Corridor,100.0
2026-06-12 10:52:42,-89,-82,Corridor,66.7
2026-06-12 10:52:46,-89,-84,Corridor,100.0
2026-06-12 10:52:51,-86,-83,Corridor,100.0
2026-06-12 10:52:55,-86,-83,Corridor,100.0
2026-06-12 10:52:59,-87,-83,Corridor,100.0
2026-06-12 10:53:04,-87,-83,Corridor,100.0
2026-06-12 10:53:08,-87,-82,Corridor,100.0
2026-06-12 10:53:12,-87,-83,Corridor,100.0
2026-06-12 10:53:17,-88,-83,Corridor,100.0
2026-06-12 10:53:21,-87,-83,Corridor,100.0
2026-06-12 10:53:25,-87,-82,Corridor,100.0
2026-06-12 10:53:30,-87,-82,Corridor,100.0
2026-06-12 10:53:34,-87,-83,Corridor,100.0
2026-06-12 10:53:38,-87,-84,Corridor,100.0
2026-06-12 10:53:43,-87,-84,Corridor,100.0
2026-06-12 10:53:47,-87,-84,Corridor,100.0
2026-06-12 10:53:51,-87,-85,Corridor,100.0
2026-06-12 10:53:56,-86,-86,Corridor,100.0
2026-06-12 10:54:00,-86,-86,Corridor,100.0
2026-06-12 10:54:04,-86,-85,Corridor,100.0
2026-06-12 10:54:08,-84,-85,Corridor,100.0
2026-06-12 10:54:13,-86,-84,Corridor,100.0
2026-06-12 10:54:17,-87,-84,Corridor,100.0
2026-06-12 10:54:21,-85,-80,Corridor,100.0
2026-06-12 10:54:26,-80,-75,Corridor,100.0
2026-06-12 10:54:30,-76,-71,Corridor,100.0
2026-06-12 10:54:34,-76,-69,Corridor,100.0
2026-06-12 10:54:39,-76,-65,Corridor,66.7
2026-06-12 10:54:43,-74,-63,Corridor,100.0
2026-06-12 10:54:47,-74,-60,Room102,100.0
2026-06-12 10:54:52,-75,-58,Room102,100.0
2026-06-12 10:54:56,-75,-56,Room102,100.0
2026-06-12 10:55:00,-76,-55,Room102,100.0
2026-06-12 10:55:05,-75,-54,Room102,100.0
2026-06-12 10:55:09,-74,-54,Room102,100.0
2026-06-12 10:55:13,-73,-53,Room102,100.0
2026-06-12 10:55:18,-72,-57,Room102,100.0
2026-06-12 10:55:22,-72,-55,Room102,100.0
2026-06-12 10:55:26,-71,-53,Room102,100.0
2026-06-12 10:55:30,-72,-52,Room102,100.0
2026-06-12 10:55:35,-71,-53,Room102,100.0
2026-06-12 10:55:39,-72,-54,Room102,100.0
2026-06-12 10:55:43,-74,-56,Room102,100.0
2026-06-12 10:55:48,-72,-56,Room102,100.0
2026-06-12 10:55:52,-73,-56,Room102,100.0
2026-06-12 10:55:56,-74,-58,Room102,100.0
2026-06-12 10:56:01,-74,-58,Room102,100.0
2026-06-12 10:56:05,-74,-58,Room102,100.0
2026-06-12 10:56:09,-73,-58,Room102,100.0
2026-06-12 10:56:14,-71,-56,Room102,100.0
2026-06-12 10:56:18,-70,-56,Room102,100.0
2026-06-12 10:56:22,-71,-55,Room102,100.0
2026-06-12 10:56:27,-72,-55,Room102,100.0
2026-06-12 10:56:31,-72,-55,Room102,100.0
2026-06-12 10:56:35,-73,-54,Room102,100.0
2026-06-12 10:56:40,-75,-53,Room102,100.0
2026-06-12 10:56:44,-76,-54,Room102,100.0
2026-06-12 10:56:48,-76,-59,Room102,100.0
2026-06-12 10:56:53,-76,-61,Room102,100.0
2026-06-12 10:56:57,-75,-64,Corridor,100.0
2026-06-12 10:57:01,-74,-65,Corridor,100.0
2026-06-12 10:57:05,-75,-65,Corridor,100.0
2026-06-12 10:57:10,-74,-60,Room102,100.0
2026-06-12 10:57:14,-72,-59,Room102,100.0
2026-06-12 10:57:18,-71,-60,Corridor,100.0
2026-06-12 10:57:23,-74,-62,Corridor,66.7
2026-06-12 10:57:27,-73,-61,Corridor,66.7
2026-06-12 10:57:31,-74,-60,Room102,100.0
2026-06-12 10:57:36,-73,-59,Room102,100.0
2026-06-12 10:57:40,-73,-58,Room102,100.0
2026-06-12 10:57:44,-74,-61,Room102,100.0
2026-06-12 10:57:49,-74,-60,Room102,100.0
2026-06-12 10:57:53,-74,-58,Room102,100.0
2026-06-12 10:57:57,-74,-58,Room102,100.0
2026-06-12 10:58:02,-76,-58,Room102,100.0
2026-06-12 10:58:06,-74,-58,Room102,100.0
2026-06-12 10:58:10,-77,-59,Room102,100.0
2026-06-12 10:58:15,-78,-62,Room102,100.0
2026-06-12 10:58:19,-76,-61,Room102,100.0
2026-06-12 10:58:23,-75,-59,Room102,100.0
2026-06-12 10:58:27,-74,-58,Room102,100.0
2026-06-12 10:58:32,-75,-60,Room102,100.0
2026-06-12 10:58:36,-75,-61,Room102,100.0
2026-06-12 10:58:40,-77,-65,Room102,66.7
2026-06-12 10:58:45,-74,-66,Corridor,100.0
2026-06-12 10:58:49,-74,-65,Corridor,100.0
2026-06-12 10:58:53,-76,-65,Corridor,66.7
2026-06-12 10:58:58,-76,-65,Corridor,66.7
2026-06-12 10:59:02,-75,-65,Corridor,100.0
2026-06-12 10:59:06,-75,-68,Corridor,100.0
2026-06-12 10:59:11,-77,-68,Corridor,100.0
2026-06-12 10:59:15,-79,-68,Corridor,66.7
2026-06-12 10:59:19,-79,-70,Corridor,100.0
2026-06-12 10:59:24,-79,-68,Corridor,66.7
2026-06-12 10:59:28,-80,-68,Room102,66.7
2026-06-12 10:59:32,-83,-72,Corridor,66.7
2026-06-12 10:59:37,-86,-75,Corridor,66.7
2026-06-12 10:59:41,-85,-75,Corridor,66.7
2026-06-12 10:59:45,-78,-74,Corridor,100.0
2026-06-12 10:59:50,-79,-76,Corridor,100.0
2026-06-12 10:59:54,-72,-76,Corridor,100.0
2026-06-12 10:59:58,-67,-76,Corridor,66.7
2026-06-12 11:00:02,-64,-76,Room101,100.0
2026-06-12 11:00:07,-61,-75,Room101,100.0
2026-06-12 11:00:11,-59,-75,Room101,100.0
2026-06-12 11:00:15,-57,-75,Room101,100.0
2026-06-12 11:00:20,-56,-77,Room101,100.0
2026-06-12 11:00:24,-55,-78,Room101,100.0
2026-06-12 11:00:28,-54,-77,Room101,100.0
2026-06-12 11:00:33,-54,-79,Room101,100.0
2026-06-12 11:00:37,-53,-78,Room101,100.0
2026-06-12 11:00:41,-53,-77,Room101,100.0
2026-06-12 11:00:46,-57,-77,Room101,100.0
2026-06-12 11:00:50,-56,-74,Room101,100.0
2026-06-12 11:00:54,-54,-70,Room101,100.0
2026-06-12 11:00:59,-53,-68,Room101,100.0
2026-06-12 11:01:03,-52,-67,Room101,100.0
2026-06-12 11:01:07,-51,-66,Room101,100.0
2026-06-12 11:01:12,-51,-66,Room101,100.0
2026-06-12 11:01:16,-50,-65,Room101,100.0
2026-06-12 11:01:20,-50,-64,Room101,100.0
2026-06-12 11:01:24,-50,-63,Room101,66.7
2026-06-12 11:01:29,-50,-62,Room101,66.7
2026-06-12 11:01:33,-49,-61,Corridor,100.0
2026-06-12 11:01:37,-49,-61,Corridor,100.0
2026-06-12 11:01:42,-49,-62,Room101,66.7
2026-06-12 11:01:46,-49,-61,Corridor,100.0
2026-06-12 11:01:50,-51,-61,Corridor,100.0
2026-06-12 11:01:55,-60,-61,Corridor,100.0
2026-06-12 11:01:59,-66,-60,Corridor,100.0
2026-06-12 11:02:03,-71,-65,Corridor,100.0
2026-06-12 11:02:08,-75,-69,Corridor,100.0
2026-06-12 11:02:12,-79,-73,Corridor,100.0
2026-06-12 11:02:16,-82,-77,Corridor,100.0
2026-06-12 11:02:21,-85,-81,Corridor,100.0
2026-06-12 11:02:25,-87,-85,Corridor,100.0
2026-06-12 11:02:29,-89,-88,Corridor,100.0
2026-06-12 11:02:34,-91,-90,Corridor,100.0
2026-06-12 11:02:38,-92,-91,Corridor,100.0
2026-06-12 11:02:42,-93,-92,Corridor,100.0
2026-06-12 11:02:47,-94,-93,Corridor,100.0
2026-06-12 11:02:51,-95,-93,Corridor,100.0
2026-06-12 11:02:55,-95,-92,Corridor,100.0
2026-06-12 11:02:59,-95,-91,Corridor,100.0
2026-06-12 11:03:04,-95,-91,Corridor,100.0
2026-06-12 11:03:08,-95,-91,Corridor,100.0
2026-06-12 11:03:12,-95,-91,Corridor,100.0
2026-06-12 11:03:17,-95,-92,Corridor,100.0
2026-06-12 11:03:21,-96,-93,Corridor,100.0
2026-06-12 11:03:25,-96,-93,Corridor,100.0
2026-06-12 11:03:30,-96,-91,Corridor,66.7
2026-06-12 11:03:34,-96,-92,Corridor,100.0
2026-06-12 11:03:38,-96,-92,Corridor,100.0
2026-06-12 11:03:43,-95,-89,Corridor,66.7
2026-06-12 11:03:47,-95,-88,Corridor,66.7
2026-06-12 11:03:51,-94,-86,Corridor,66.7
2026-06-12 11:03:56,-94,-87,Corridor,66.7
2026-06-12 11:04:00,-94,-89,Corridor,100.0
2026-06-12 11:04:04,-90,-86,Corridor,100.0
2026-06-12 11:04:09,-88,-84,Corridor,100.0
2026-06-12 11:04:13,-87,-81,Corridor,100.0
2026-06-12 11:04:17,-86,-82,Corridor,100.0
2026-06-12 11:04:21,-86,-83,Corridor,100.0
2026-06-12 11:04:26,-87,-86,Corridor,100.0
2026-06-12 11:04:30,-89,-88,Corridor,100.0
2026-06-12 11:04:34,-90,-89,Corridor,100.0
2026-06-12 11:04:39,-91,-89,Corridor,100.0
2026-06-12 11:04:43,-91,-89,Corridor,100.0
2026-06-12 11:04:47,-92,-89,Corridor,100.0
2026-06-12 11:04:52,-93,-90,Corridor,100.0
2026-06-12 11:04:56,-94,-91,Corridor,100.0
2026-06-12 11:05:00,-95,-92,Corridor,100.0
2026-06-12 11:05:05,-95,-92,Corridor,100.0
2026-06-12 11:05:09,-95,-93,Corridor,100.0
2026-06-12 11:05:13,-93,-91,Corridor,100.0
2026-06-12 11:05:18,-92,-91,Corridor,100.0
2026-06-12 11:05:22,-92,-92,Corridor,100.0
2026-06-12 11:05:26,-91,-92,Corridor,66.7
2026-06-12 11:05:31,-91,-91,Corridor,100.0
2026-06-12 11:05:35,-92,-90,Corridor,100.0
2026-06-12 11:05:39,-93,-91,Corridor,100.0
2026-06-12 11:05:44,-92,-92,Corridor,100.0
2026-06-12 11:05:48,-93,-92,Corridor,100.0
2026-06-12 11:05:52,-91,-92,Corridor,66.7
2026-06-12 11:05:56,-92,-93,Corridor,66.7
2026-06-12 11:06:01,-93,-93,Corridor,100.0
2026-06-12 11:06:05,-92,-94,Corridor,66.7
2026-06-12 11:06:09,-90,-94,Corridor,66.7
2026-06-12 11:06:14,-89,-94,Room101,66.7
2026-06-12 11:06:18,-87,-93,Room101,66.7
2026-06-12 11:06:22,-85,-87,Corridor,100.0
2026-06-12 11:06:27,-84,-86,Corridor,100.0
2026-06-12 11:06:31,-86,-88,Corridor,100.0
2026-06-12 11:06:35,-85,-89,Corridor,66.7
2026-06-12 11:06:40,-84,-90,Corridor,66.7
2026-06-12 11:06:44,-80,-86,Corridor,66.7
2026-06-12 11:06:48,-78,-81,Corridor,100.0
2026-06-12 11:06:53,-77,-75,Corridor,100.0
2026-06-12 11:06:57,-76,-70,Corridor,100.0
2026-06-12 11:07:01,-73,-69,Corridor,100.0
2026-06-12 11:07:06,-69,-68,Corridor,100.0
2026-06-12 11:07:10,-66,-65,Corridor,100.0
2026-06-12 11:07:14,-65,-64,Corridor,100.0
2026-06-12 11:07:19,-65,-63,Corridor,100.0
2026-06-12 11:07:23,-64,-61,Corridor,100.0
2026-06-12 11:07:27,-64,-61,Corridor,100.0
2026-06-12 11:07:31,-64,-58,Corridor,100.0
2026-06-12 11:07:36,-66,-60,Corridor,100.0
2026-06-12 11:07:40,-63,-62,Corridor,100.0
2026-06-12 11:07:44,-60,-62,Corridor,100.0
2026-06-12 11:07:49,-62,-62,Corridor,100.0
2026-06-12 11:07:53,-63,-64,Corridor,100.0
2026-06-12 11:07:57,-63,-64,Corridor,100.0
2026-06-12 11:08:02,-62,-62,Corridor,100.0
2026-06-12 11:08:06,-61,-65,Corridor,100.0
2026-06-12 11:08:10,-60,-66,Corridor,100.0
2026-06-12 11:08:32,-64,-74,Corridor,66.7
2026-06-12 11:08:36,-66,-74,Corridor,100.0
2026-06-12 11:08:41,-66,-74,Corridor,100.0
2026-06-12 11:08:45,-61,-71,Corridor,100.0
2026-06-12 11:08:49,-63,-71,Corridor,100.0
2026-06-12 11:08:53,-62,-70,Corridor,100.0
2026-06-12 11:08:58,-61,-68,Corridor,100.0
2026-06-12 11:09:02,-61,-67,Corridor,100.0
2026-06-12 11:09:06,-63,-67,Corridor,100.0
2026-06-12 11:09:11,-57,-72,Room101,100.0
2026-06-12 11:09:15,-57,-75,Room101,100.0
2026-06-12 11:09:19,-60,-74,Room101,100.0
2026-06-12 11:09:24,-63,-67,Corridor,100.0
2026-06-12 11:09:28,-63,-63,Corridor,100.0
2026-06-12 11:09:32,-58,-65,Corridor,100.0
2026-06-12 11:09:37,-56,-66,Corridor,100.0
2026-06-12 11:09:41,-55,-67,Room101,100.0
2026-06-12 11:09:45,-54,-69,Room101,100.0
2026-06-12 11:09:50,-57,-71,Room101,100.0
2026-06-12 11:09:54,-60,-72,Room101,100.0
2026-06-12 11:09:58,-63,-69,Corridor,100.0
2026-06-12 11:10:03,-68,-72,Corridor,100.0
2026-06-12 11:10:07,-71,-75,Corridor,100.0
2026-06-12 11:10:11,-66,-79,Room101,100.0
2026-06-12 11:10:16,-66,-77,Room101,100.0
2026-06-12 11:11:05,-67,-75,Corridor,100.0
2026-06-12 11:11:06,-70,-74,Corridor,100.0
2026-06-12 11:11:06,-68,-69,Corridor,100.0
2026-06-12 11:11:06,-68,-69,Corridor,100.0
2026-06-12 11:11:06,-66,-68,Corridor,100.0
2026-06-12 11:11:06,-67,-68,Corridor,100.0
2026-06-12 11:11:06,-73,-71,Corridor,100.0
2026-06-12 11:11:06,-74,-70,Corridor,100.0
2026-06-12 11:11:06,-76,-70,Corridor,100.0
2026-06-12 11:11:06,-75,-70,Corridor,100.0
2026-06-12 11:11:06,-79,-70,Corridor,100.0
2026-06-12 11:11:07,-76,-70,Corridor,100.0
2026-06-12 11:13:45,-78,-70,Corridor,100.0
2026-06-12 11:13:46,-80,-68,Room102,66.7
2026-06-12 11:13:46,-79,-67,Room102,66.7
2026-06-12 11:13:46,-82,-69,Room102,66.7
2026-06-12 11:13:46,-82,-68,Room102,100.0
2026-06-12 11:13:46,-80,-71,Corridor,100.0
2026-06-12 11:13:46,-79,-71,Corridor,100.0
2026-06-12 11:13:46,-77,-70,Corridor,100.0
2026-06-12 11:13:46,-80,-70,Corridor,66.7
2026-06-12 11:13:46,-80,-71,Corridor,100.0
2026-06-12 11:13:46,-81,-69,Room102,66.7
2026-06-12 11:13:47,-77,-70,Corridor,100.0
2026-06-12 11:13:47,-79,-72,Corridor,100.0
2026-06-12 11:13:47,-77,-70,Corridor,100.0
2026-06-12 11:13:47,-72,-72,Corridor,100.0
2026-06-12 11:13:47,-71,-76,Corridor,100.0
2026-06-12 11:13:47,-74,-79,Corridor,100.0
2026-06-12 11:13:47,-73,-77,Corridor,100.0
2026-06-12 11:13:47,-75,-76,Corridor,100.0
2026-06-12 11:13:47,-74,-76,Corridor,100.0
2026-06-12 11:13:47,-75,-74,Corridor,100.0
2026-06-12 11:13:47,-74,-74,Corridor,100.0
2026-06-12 11:13:47,-75,-72,Corridor,100.0
2026-06-12 11:13:47,-74,-71,Corridor,100.0
2026-06-12 11:13:47,-79,-71,Corridor,100.0
2026-06-12 11:13:47,-82,-72,Corridor,66.7
2026-06-12 11:13:47,-85,-76,Corridor,66.7
2026-06-12 11:13:47,-87,-79,Corridor,66.7
2026-06-12 11:13:48,-88,-83,Corridor,100.0
2026-06-12 11:13:48,-90,-83,Corridor,66.7
2026-06-12 11:13:48,-91,-86,Corridor,100.0
2026-06-12 11:13:48,-92,-85,Corridor,66.7
2026-06-12 11:13:48,-93,-84,Corridor,66.7
2026-06-12 11:13:48,-92,-85,Corridor,66.7
2026-06-12 11:13:48,-90,-84,Corridor,100.0
2026-06-12 11:13:48,-90,-81,Corridor,66.7
2026-06-12 11:13:48,-86,-79,Corridor,100.0
2026-06-12 11:13:51,-80,-75,Corridor,100.0
2026-06-12 11:13:56,-79,-76,Corridor,100.0
2026-06-12 11:14:00,-82,-81,Corridor,100.0
2026-06-12 11:14:04,-80,-78,Corridor,100.0
2026-06-12 11:14:09,-81,-79,Corridor,100.0
